Trans_ID,Clothing ,PensStationery ,BagBelts ,Jewellery ,Mobiles,Footwear ,Watches ,Computers ,HomeFurnish ,SportsFitness ,BabyCare ,Craft,BeautyPersonCare ,Toys 
10001,0,1,1,0,0,0,0,0,0,0,3,0,0,2
10002,0,0,0,1,0,0,0,0,1,0,0,0,0,0
10003,0,0,3,1,0,0,0,0,0,0,1,0,0,0
10004,0,0,0,0,0,1,0,0,0,1,0,0,3,2
10005,2,0,0,0,0,0,0,0,0,0,1,0,0,1
10006,0,0,0,0,1,2,0,0,1,0,1,0,0,2
10007,2,2,3,1,1,0,3,0,0,2,1,0,3,2
10008,0,0,1,0,0,3,0,0,2,0,0,0,0,2
10009,0,0,0,0,0,1,1,0,1,2,1,0,0,3
10010,0,0,0,0,0,0,0,0,1,0,1,0,3,0
10011,0,0,0,3,0,0,0,0,0,0,1,0,3,0
10012,0,0,1,0,0,1,0,0,1,1,0,2,3,2
10013,0,0,0,0,0,0,0,0,0,0,0,0,3,0
10014,0,1,0,0,0,0,1,0,0,3,0,2,3,2
10015,1,0,0,0,0,1,0,0,1,2,0,1,0,3
10016,0,0,0,0,0,0,0,0,0,0,0,3,0,1
10017,0,2,3,1,0,1,0,0,0,0,0,0,1,0
10018,0,0,0,0,0,0,0,1,3,0,0,0,1,3
10019,0,2,0,2,0,0,1,0,0,1,2,0,2,2
10020,0,0,0,0,1,0,0,0,0,0,0,0,2,0
10021,0,0,1,0,0,2,0,0,1,0,0,3,2,0
10022,2,0,0,0,0,0,0,1,1,0,0,0,2,0
10023,0,0,0,0,1,0,0,0,1,0,0,0,3,0
10024,0,1,1,0,0,1,1,0,0,3,3,0,0,2
10025,0,0,0,0,0,0,1,0,0,0,1,0,3,0
10026,0,0,0,0,0,0,1,0,1,3,0,0,0,0
10027,1,0,0,0,0,0,1,0,0,2,0,0,0,0
10028,0,0,0,0,0,0,0,0,0,1,2,0,0,1
10029,0,2,3,2,1,0,0,0,0,1,2,2,0,2
10030,0,0,0,0,0,0,0,1,0,0,0,0,2,3
10031,0,0,1,0,0,2,0,1,3,1,2,0,1,2
10032,0,0,1,0,0,0,1,1,0,0,0,0,1,0
10033,0,1,0,2,1,1,0,0,0,0,0,0,0,2
10034,0,1,0,3,1,1,1,0,0,0,0,0,0,0
10035,0,0,0,0,0,0,2,0,0,0,1,0,1,2
10036,3,1,0,1,1,1,0,0,0,2,0,0,0,1
10037,0,0,0,0,0,0,0,0,0,2,0,0,0,0
10038,1,0,0,0,0,1,0,0,1,1,0,0,0,0
10039,0,0,0,0,0,0,3,1,0,3,1,0,0,1
10040,0,0,0,1,0,0,0,1,0,0,0,2,3,2
10041,0,1,0,0,0,2,0,0,0,0,0,0,3,0
10042,1,0,0,0,0,0,0,0,0,1,0,0,0,0
10043,2,0,0,0,1,1,0,1,1,0,0,0,2,0
10044,0,1,0,1,1,0,0,1,0,0,3,0,3,1
10045,0,3,0,0,0,0,0,0,0,1,1,0,0,0
10046,0,3,3,2,1,0,0,1,0,2,0,0,2,0
10047,0,0,1,0,1,0,1,0,0,0,3,0,0,2
10048,0,3,0,1,1,0,0,1,0,0,1,0,1,2
10049,0,2,0,1,1,0,0,0,0,0,1,0,1,2
10050,1,0,0,0,0,0,0,1,0,1,2,0,0,2
10051,0,0,0,0,0,1,1,0,1,3,1,0,0,2
10052,1,0,0,0,0,0,0,1,0,0,0,0,0,1
10053,0,0,0,0,0,0,0,0,0,0,0,0,3,0
10054,0,0,1,0,0,0,0,0,0,0,0,0,1,0
10055,0,0,0,1,0,1,0,0,1,3,0,1,0,2
10056,0,0,3,2,0,0,0,0,1,0,0,0,0,3
10057,0,0,0,0,0,0,0,0,1,1,1,0,3,0
10058,0,3,2,0,1,0,0,0,0,0,2,0,1,1
10059,0,0,0,0,0,1,0,0,1,1,0,0,3,0
10060,0,0,0,0,0,0,0,0,0,1,1,0,1,0
10061,0,0,0,0,0,0,0,0,0,0,0,0,2,0
10062,0,0,0,0,0,0,0,0,1,0,1,0,2,0
10063,0,0,0,0,0,1,0,1,1,2,2,0,3,3
10064,0,0,0,0,0,0,0,0,1,0,1,0,3,2
10065,1,0,0,0,0,1,0,0,2,0,0,0,1,0
10066,2,0,0,0,0,1,0,0,2,2,0,0,0,2
10067,0,0,0,0,0,0,0,0,0,0,1,0,3,1
10068,0,0,0,0,0,0,0,0,3,1,0,0,0,0
10069,0,1,0,1,1,1,0,0,0,1,0,1,3,2
10070,0,1,0,0,0,1,0,0,0,1,1,0,3,3
10071,0,0,0,0,0,0,0,1,0,0,0,0,0,2
10072,0,0,0,0,0,0,0,0,0,0,0,0,0,0
10073,0,0,3,0,1,0,0,1,1,0,1,0,2,2
10074,1,0,0,0,1,0,0,0,0,2,0,3,0,2
10075,0,1,0,1,0,0,0,0,0,0,0,0,0,2
10076,0,1,0,1,1,2,0,1,0,0,0,0,1,2
10077,2,0,1,2,0,0,0,0,0,2,0,0,3,0
10078,0,0,0,0,0,0,0,0,0,2,0,0,2,2
10079,0,0,0,0,1,0,0,0,1,0,0,0,1,2
10080,0,1,0,1,1,3,0,0,0,1,0,0,0,2
10081,0,1,0,0,1,1,1,0,1,0,2,0,2,2
10082,0,0,2,0,0,0,0,0,1,0,0,0,1,2
10083,0,0,0,0,1,0,0,0,0,1,0,0,0,0
10084,0,1,0,0,0,1,0,0,0,0,2,0,3,1
10085,0,0,0,0,0,1,2,0,3,1,0,0,0,0
10086,0,0,0,0,1,0,0,0,0,0,0,0,1,0
10087,2,1,0,0,0,1,1,1,1,1,1,1,1,3
10088,0,0,0,1,0,0,0,0,0,0,0,0,3,0
10089,0,1,0,0,0,0,0,0,0,0,0,0,0,0
10090,0,0,0,0,0,0,0,1,0,0,0,0,0,0
10091,0,1,0,1,1,0,0,0,0,0,2,0,2,2
10092,0,0,0,1,1,1,0,1,0,3,0,0,3,0
10093,0,0,0,0,0,0,0,0,1,0,0,0,0,0
10094,3,0,0,0,0,0,0,0,0,0,1,0,1,2
10095,0,0,0,0,0,0,0,0,0,2,2,1,3,1
10096,0,0,0,3,0,0,0,0,0,0,0,0,0,0
10097,0,2,0,0,0,1,0,0,0,0,0,0,1,3
10098,0,0,0,0,0,0,0,0,0,0,0,0,3,0
10099,0,1,0,1,1,0,0,0,0,0,0,0,1,2
10100,0,0,0,0,0,0,1,0,0,0,0,0,0,0
10101,0,1,3,1,1,1,0,1,1,0,2,0,1,2
10102,0,1,1,2,1,0,0,0,0,0,0,0,0,0
10103,0,0,1,0,0,0,0,0,0,0,0,0,0,1
10104,0,2,0,3,0,0,0,0,0,0,0,0,2,0
10105,0,0,1,0,0,0,1,0,0,0,0,0,0,2
10106,0,0,0,0,0,0,0,0,0,1,1,0,2,2
10107,0,0,1,0,0,0,0,1,2,2,2,0,3,2
10108,0,1,0,0,1,0,0,1,0,1,0,0,0,0
10109,2,0,0,1,0,0,0,0,0,0,0,0,1,1
10110,0,1,0,0,0,0,0,0,0,0,0,0,1,0
10111,0,1,0,0,0,0,0,0,0,1,0,0,0,0
10112,1,0,0,1,1,0,0,0,1,0,0,0,0,0
10113,0,1,1,0,0,1,0,0,0,2,1,0,3,2
10114,0,0,1,0,0,3,0,0,1,0,0,0,3,3
10115,0,0,0,0,0,0,0,0,0,0,1,0,0,0
10116,0,0,0,0,0,0,0,1,0,1,1,0,3,2
10117,2,0,0,1,1,0,0,0,0,1,0,0,2,1
10118,0,0,3,0,0,1,0,0,0,0,0,0,0,3
10119,0,0,1,0,0,0,0,0,0,0,1,0,0,1
10120,0,1,1,1,1,1,0,1,0,1,0,0,3,0
10121,1,0,0,0,0,0,0,0,1,0,0,0,3,0
10122,0,1,0,1,1,0,0,1,0,0,1,0,3,3
10123,0,0,2,0,1,0,0,1,0,0,0,0,0,0
10124,0,0,0,1,0,0,0,1,0,0,0,0,1,0
10125,0,0,0,0,0,0,0,0,0,0,0,0,1,0
10126,0,0,1,0,0,0,0,0,0,0,2,0,2,2
10127,0,0,0,0,0,2,0,1,3,0,1,0,2,1
10128,1,1,3,0,0,1,0,0,1,0,2,0,3,3
10129,1,0,0,0,0,0,0,1,0,3,0,0,3,0
10130,0,0,1,1,0,0,0,1,0,0,2,0,1,2
10131,0,1,0,2,1,0,0,0,0,1,0,0,2,2
10132,0,0,0,0,0,0,0,0,1,2,0,1,0,1
10133,0,2,0,1,1,0,0,1,0,0,0,0,2,2
10134,0,1,0,2,1,0,0,0,2,1,3,0,0,2
10135,0,0,0,1,0,2,0,0,0,0,0,0,0,0
10136,0,0,2,0,0,0,0,0,0,0,0,0,1,2
10137,0,0,1,0,0,0,0,1,0,0,1,0,1,2
10138,0,0,0,1,0,0,0,1,0,0,0,0,0,0
10139,0,0,0,0,0,1,0,0,1,1,0,0,1,0
10140,0,0,0,0,0,0,1,1,0,0,1,0,3,2
10141,1,0,2,1,0,0,0,1,0,0,1,0,2,3
10142,0,0,0,0,0,0,2,0,0,3,0,0,0,1
10143,0,0,0,0,0,1,1,0,0,1,0,0,3,0
10144,0,0,0,0,0,1,0,0,0,3,0,0,2,0
10145,0,0,0,0,0,0,0,0,1,3,1,0,1,2
10146,0,0,0,0,0,0,0,0,0,1,0,0,0,2
10147,0,0,0,0,0,0,0,0,0,0,0,1,3,0
10148,2,0,0,0,0,0,0,0,0,1,1,0,3,2
10149,0,0,0,0,1,0,0,0,0,0,0,0,2,0
10150,0,0,0,0,0,1,0,0,0,0,3,0,1,2
10151,0,0,2,1,0,0,0,0,0,0,0,0,3,0
10152,0,0,0,0,0,1,3,0,0,0,0,0,3,0
10153,0,0,1,1,0,0,1,1,1,0,1,0,0,1
10154,0,0,0,0,1,0,0,0,0,1,0,0,1,0
10155,1,0,1,0,0,0,0,0,0,3,0,0,3,0
10156,1,0,0,0,0,0,0,0,2,0,0,0,0,2
10157,0,0,0,0,0,0,1,1,0,0,2,3,3,2
10158,0,0,1,0,0,0,0,1,0,0,2,0,2,2
10159,0,1,0,0,0,1,0,0,0,1,0,0,0,3
10160,0,0,0,0,0,0,1,0,0,1,0,0,3,2
10161,0,0,0,0,1,0,1,1,0,1,0,0,2,2
10162,0,1,0,0,0,2,0,0,0,3,3,0,3,2
10163,0,0,1,0,0,1,0,0,1,0,0,1,3,0
10164,0,0,1,0,0,1,0,0,1,0,0,0,3,0
10165,2,0,0,0,0,1,1,0,1,0,3,0,2,3
10166,0,0,3,1,0,0,0,0,0,0,0,0,1,0
10167,0,0,0,0,0,1,0,0,0,1,1,0,1,2
10168,0,0,0,1,0,0,0,0,0,0,0,0,3,2
10169,0,0,0,0,1,1,0,0,1,0,1,2,1,2
10170,0,0,0,0,0,0,0,1,0,1,0,3,2,1
10171,0,0,2,0,0,1,0,0,0,0,0,0,2,0
10172,0,0,0,0,0,0,0,1,0,1,0,0,3,0
10173,0,3,1,1,1,1,0,1,0,2,0,0,2,2
10174,0,3,0,0,0,0,0,1,1,0,0,0,2,0
10175,0,1,0,2,1,0,0,0,0,0,0,0,2,1
10176,0,0,0,0,0,0,0,1,0,2,0,0,3,0
10177,0,0,0,0,0,0,0,0,0,1,0,0,3,0
10178,0,0,0,1,1,0,0,0,1,0,0,0,3,0
10179,0,0,1,0,0,0,0,1,3,0,1,0,3,1
10180,0,0,1,0,0,0,0,1,0,0,0,1,1,0
10181,0,0,0,0,0,3,0,1,0,0,0,0,1,0
10182,0,1,2,0,0,1,2,0,0,0,0,0,2,0
10183,2,0,1,1,1,1,0,0,0,0,1,0,3,3
10184,0,0,0,0,0,0,0,0,0,0,0,0,1,0
10185,0,0,0,0,1,1,0,1,0,0,1,0,1,3
10186,0,0,0,0,0,1,0,0,3,1,0,2,3,2
10187,0,0,0,0,0,0,0,0,0,0,0,0,2,2
10188,1,0,0,3,0,0,0,1,0,1,2,0,1,2
10189,0,3,1,3,1,0,0,0,0,0,0,0,2,1
10190,0,1,0,2,1,0,0,0,0,1,0,2,1,2
10191,0,1,1,3,1,0,0,0,0,0,0,0,2,0
10192,0,1,0,2,1,0,0,0,0,1,0,0,1,2
10193,0,0,2,0,1,0,0,0,1,0,0,0,2,0
10194,0,0,0,0,0,0,0,0,0,1,0,0,2,0
10195,0,0,0,1,0,0,0,0,0,0,0,0,0,0
10196,0,1,0,0,0,0,0,0,0,0,0,0,0,0
10197,0,0,0,0,0,0,1,0,0,0,0,0,0,0
10198,0,1,0,0,1,0,0,0,0,0,0,0,0,0
10199,0,0,0,1,0,0,0,1,0,0,0,0,0,0
10200,0,0,1,0,0,0,0,0,0,0,1,0,2,3
10201,0,1,1,0,0,0,0,0,2,1,1,0,3,1
10202,0,1,2,0,0,0,0,1,0,0,0,3,0,1
10203,0,0,1,0,0,2,0,1,2,0,0,0,0,0
10204,0,1,1,3,1,1,0,0,1,0,1,0,0,0
10205,0,0,0,0,1,0,0,1,0,0,2,0,0,2
10206,0,1,0,0,1,0,0,0,0,3,0,0,1,0
10207,0,0,0,0,0,0,0,1,0,1,0,0,1,0
10208,3,1,0,3,1,0,0,0,0,0,0,0,0,0
10209,0,2,2,0,1,0,0,0,0,1,1,0,2,1
10210,0,0,0,0,0,0,1,1,0,0,0,0,0,0
10211,0,0,0,0,0,1,0,0,0,0,1,0,0,0
10212,1,0,0,0,0,0,0,0,0,0,0,0,0,2
10213,0,0,0,0,0,0,0,0,0,1,0,0,0,0
10214,0,0,0,0,0,0,3,0,0,2,0,1,0,1
10215,0,0,0,2,0,0,0,1,0,0,1,0,1,0
10216,0,0,0,0,0,0,0,1,3,1,1,0,1,2
10217,0,2,0,0,0,0,0,0,0,0,0,0,0,0
10218,2,0,0,1,1,0,0,1,0,2,0,0,3,0
10219,0,1,0,1,1,0,0,0,1,0,1,0,3,2
10220,0,0,0,0,1,0,0,1,2,0,0,1,0,2
10221,3,0,0,0,0,0,0,0,0,0,0,0,0,0
10222,0,0,0,0,1,2,0,0,1,2,1,0,1,1
10223,3,0,0,0,0,0,0,0,0,2,0,0,0,0
10224,0,0,0,3,0,0,2,0,0,1,0,0,0,3
10225,0,0,0,0,0,0,0,0,0,0,1,0,3,2
10226,0,0,0,0,0,1,0,0,0,0,1,2,0,3
10227,0,0,0,0,0,0,0,0,0,1,0,0,0,0
10228,0,0,0,1,0,0,0,1,0,0,0,0,0,2
10229,0,0,0,0,0,0,0,0,0,1,2,0,3,0
10230,0,1,0,1,1,1,0,1,1,0,0,0,0,0
10231,0,0,0,1,0,0,0,1,0,1,0,0,0,0
10232,2,0,0,0,0,0,0,0,0,1,0,3,0,2
10233,0,2,0,1,1,1,0,0,0,0,0,0,0,0
10234,0,1,0,0,0,2,0,0,3,0,2,0,0,1
10235,0,0,0,0,1,0,3,0,0,1,1,0,1,0
10236,0,0,0,0,0,0,0,0,0,0,0,0,0,0
10237,0,0,0,0,0,0,0,0,0,2,0,0,2,2
10238,0,0,0,0,0,1,0,0,3,2,2,2,3,2
10239,0,0,0,0,1,0,1,0,0,0,1,1,0,2
10240,1,0,1,0,0,0,0,0,0,3,1,0,3,2
10241,0,0,0,0,0,0,0,1,0,0,0,0,0,2
10242,0,0,0,0,1,0,1,0,0,0,0,0,0,0
10243,0,1,1,0,0,0,0,1,2,1,0,0,1,3
10244,0,0,0,0,1,0,0,0,1,1,0,0,1,0
10245,0,0,3,0,0,0,0,0,0,0,0,0,0,0
10246,0,0,0,0,0,1,0,0,2,0,1,0,0,2
10247,0,0,0,0,0,0,1,0,0,0,0,0,0,0
10248,0,0,0,0,0,0,0,1,0,0,0,0,0,0
10249,0,0,0,0,1,0,0,0,0,0,1,0,3,2
10250,0,1,1,3,0,0,0,0,1,1,0,0,0,0
10251,0,2,0,1,1,0,0,0,0,1,1,0,1,0
10252,0,1,0,1,1,0,1,0,0,0,0,0,0,0
10253,0,1,0,2,1,0,0,1,3,0,1,0,0,0
10254,0,3,0,1,1,0,0,0,0,1,0,0,0,0
10255,0,1,0,0,0,1,1,0,0,1,0,0,0,0
10256,0,0,1,1,0,0,0,1,0,0,1,0,0,0
10257,0,0,0,0,0,2,1,0,1,3,1,0,2,2
10258,2,0,0,1,1,0,0,0,2,1,1,0,3,1
10259,0,0,1,0,0,0,0,1,0,0,1,0,0,2
10260,0,1,2,1,1,1,0,1,0,0,2,0,0,1
10261,1,0,0,0,0,0,0,0,1,0,0,0,0,0
10262,2,0,0,0,0,0,0,0,0,0,1,0,0,1
10263,0,0,1,0,0,0,0,0,1,0,0,0,0,0
10264,1,0,1,0,0,0,0,1,0,0,0,0,0,0
10265,0,3,3,2,1,0,0,0,0,0,0,0,0,1
10266,0,1,1,1,1,0,0,1,0,3,1,0,1,1
10267,0,0,0,0,0,0,0,0,0,0,0,0,0,0
10268,0,3,0,0,0,1,0,0,0,0,0,0,0,0
10269,0,0,0,0,0,0,0,0,0,0,0,0,0,0
10270,0,1,1,1,1,0,0,0,0,0,0,0,0,2
10271,0,0,0,0,1,0,0,0,0,0,0,0,0,0
10272,0,0,0,0,0,0,0,0,0,0,1,0,0,2
10273,0,0,0,0,0,0,0,0,0,0,1,0,0,2
10274,0,1,0,1,1,0,2,0,0,0,0,0,0,2
10275,0,0,0,0,1,0,0,0,0,1,1,0,2,3
10276,0,2,3,0,0,1,0,0,2,0,0,0,0,0
10277,0,0,0,0,1,0,0,0,0,0,1,0,0,2
10278,1,1,0,0,0,0,0,0,0,0,3,0,0,2
10279,0,0,0,0,0,0,0,1,0,1,0,3,0,2
10280,0,0,0,1,0,0,3,0,0,0,0,0,0,0
10281,1,0,0,0,0,0,1,1,0,0,0,0,0,0
10282,1,0,0,0,0,0,0,1,1,0,0,0,0,0
10283,0,0,1,0,0,0,0,1,0,1,1,0,1,1
10284,0,1,0,0,0,0,0,0,1,1,0,0,0,0
10285,0,0,0,1,0,0,1,1,0,0,1,2,3,1
10286,0,0,0,0,0,0,3,1,0,0,0,0,0,0
10287,0,1,0,1,1,0,0,0,0,0,0,0,0,0
10288,0,0,0,1,0,0,0,0,0,1,0,0,0,0
10289,0,0,1,0,0,0,0,0,0,0,2,0,0,2
10290,2,0,0,0,0,0,0,0,0,1,1,0,1,2
10291,2,0,0,0,0,0,0,0,0,0,3,0,0,1
10292,1,0,0,0,0,0,1,0,0,0,0,0,0,2
10293,0,0,0,0,0,0,0,0,0,0,0,2,0,2
10294,1,0,0,3,0,3,1,0,1,0,1,0,0,3
10295,0,0,0,0,0,0,1,0,0,0,3,0,1,3
10296,0,0,0,0,0,0,1,0,0,0,0,0,0,0
10297,0,0,2,0,1,1,0,0,0,1,0,0,1,2
10298,0,0,0,0,1,0,0,0,0,2,0,0,0,1
10299,0,0,0,0,0,0,0,1,0,0,0,0,0,2
10300,0,0,1,0,0,0,1,1,0,0,0,1,0,2
10301,0,0,0,2,0,0,0,0,0,0,0,3,0,1
10302,0,0,0,0,0,0,0,0,0,0,0,0,0,0
10303,0,0,0,0,0,1,0,0,1,0,1,0,0,0
10304,0,1,3,1,0,0,2,0,0,1,0,0,0,0
10305,3,1,0,2,1,0,0,0,0,1,0,0,1,0
10306,0,0,1,0,0,0,0,0,0,2,1,0,3,3
10307,0,0,0,0,0,1,2,0,0,0,0,0,0,1
10308,0,0,0,0,1,1,0,0,0,1,0,0,2,2
10309,0,1,0,1,1,0,1,1,1,0,0,0,0,2
10310,0,2,3,0,0,0,0,1,3,0,0,0,0,0
10311,0,0,0,0,0,1,0,0,1,0,1,0,0,2
10312,0,0,0,0,1,0,0,0,0,0,0,0,0,3
10313,0,0,0,0,0,0,0,0,0,1,0,0,0,0
10314,1,0,0,1,1,0,0,0,0,1,1,0,1,1
10315,0,0,0,0,0,0,0,0,0,1,0,0,1,0
10316,0,3,2,1,1,0,0,0,0,1,0,0,0,2
10317,0,1,0,1,0,0,1,0,0,0,0,1,0,1
10318,0,0,0,0,1,0,1,1,0,1,0,0,0,1
10319,2,0,0,0,0,2,0,0,1,1,0,0,3,0
10320,0,0,0,0,0,1,0,0,1,0,0,0,0,0
10321,0,1,0,1,0,0,0,0,0,1,0,0,3,0
10322,0,0,0,0,1,0,0,0,1,2,0,0,2,0
10323,0,0,0,0,0,0,0,0,0,0,0,0,0,0
10324,0,0,2,0,0,0,0,0,0,2,0,0,3,0
10325,0,0,0,0,0,0,0,1,1,1,1,0,1,1
10326,1,0,0,0,0,2,0,0,0,0,0,0,0,0
10327,0,0,0,0,0,0,0,0,0,0,0,0,0,1
10328,0,0,0,0,0,0,0,1,0,0,1,0,3,2
10329,0,0,0,0,0,0,0,0,0,0,0,1,0,2
10330,0,0,0,0,0,0,0,0,0,3,2,0,3,2
10331,0,1,0,1,1,0,0,0,0,3,0,0,1,0
10332,0,0,0,0,0,0,0,0,0,0,0,0,0,0
10333,0,0,0,1,0,0,1,1,0,0,1,0,0,2
10334,0,0,3,1,0,0,0,0,0,0,0,0,0,0
10335,0,0,0,0,0,0,3,1,0,1,1,0,3,1
10336,3,0,1,3,0,1,0,0,0,0,0,0,0,1
10337,0,1,0,1,0,0,2,1,0,0,0,0,0,1
10338,1,0,0,0,0,0,0,0,0,0,0,0,0,0
10339,1,0,0,0,0,1,0,0,1,0,0,0,0,0
10340,0,1,0,1,1,1,2,0,0,0,0,0,0,0
10341,0,1,0,1,1,0,0,1,1,0,0,0,0,0
10342,0,0,0,0,0,1,1,1,0,0,0,0,0,2
10343,0,0,0,0,0,0,0,0,0,1,0,3,0,2
10344,0,3,0,0,0,0,0,1,0,0,0,0,0,0
10345,0,1,0,2,1,1,0,0,0,1,0,0,0,0
10346,0,0,3,3,0,1,0,0,0,0,2,2,0,3
10347,0,0,0,0,0,0,0,0,0,0,0,0,0,0
10348,1,1,0,0,0,0,0,1,0,0,1,0,0,2
10349,0,1,0,1,1,2,0,1,0,0,0,0,0,0
10350,0,2,0,1,1,0,0,0,0,0,0,0,0,0
10351,1,0,0,1,0,3,0,0,3,0,0,1,0,1
10352,3,0,0,0,1,0,0,1,0,0,1,0,2,1
10353,1,0,0,0,0,3,0,0,1,0,0,0,0,2
10354,0,0,1,0,0,0,0,0,0,0,0,3,0,2
10355,0,0,0,0,0,0,0,1,0,0,0,0,0,0
10356,0,1,0,1,1,0,0,1,0,0,0,0,0,2
10357,0,0,0,1,0,0,0,0,0,2,0,0,2,0
10358,0,3,0,0,1,2,0,0,0,1,0,0,3,2
10359,0,0,0,0,0,0,0,1,0,3,0,0,0,0
10360,3,0,0,0,0,0,0,0,0,0,0,0,0,0
10361,0,0,0,2,1,1,0,1,1,1,0,0,0,0
10362,0,0,1,2,0,0,0,0,0,1,0,2,0,0
10363,0,3,0,0,0,0,0,1,0,0,0,0,0,0
10364,0,0,1,0,1,0,0,0,0,2,1,0,1,3
10365,0,0,2,0,0,0,0,0,0,0,0,0,0,0
10366,0,0,1,0,0,2,0,0,1,1,0,0,1,0
10367,0,1,0,1,1,0,1,0,2,2,2,0,1,2
10368,0,0,0,3,0,0,1,0,0,0,2,1,1,1
10369,0,1,0,2,1,0,0,0,0,0,0,0,0,0
10370,0,1,2,3,1,0,0,0,1,3,0,0,3,0
10371,0,1,0,0,0,0,0,0,0,0,0,0,0,0
10372,0,0,0,1,0,0,0,0,0,1,0,0,1,0
10373,0,0,1,0,0,0,1,1,0,1,0,0,0,0
10374,0,1,0,2,1,1,0,0,0,1,1,0,1,0
10375,0,1,0,0,0,0,0,0,1,0,0,0,0,2
10376,0,0,0,3,0,1,0,0,0,1,0,0,0,0
10377,0,0,0,0,0,1,0,0,1,0,0,0,0,0
10378,0,3,0,0,0,1,0,1,0,2,0,0,2,0
10379,0,2,0,1,1,0,0,0,0,0,0,0,0,0
10380,0,0,0,0,0,0,0,1,0,0,0,0,0,2
10381,0,1,0,0,1,2,0,0,2,0,0,0,0,0
10382,0,0,0,0,0,0,0,0,3,0,0,0,0,1
10383,0,2,0,0,0,0,0,1,0,0,0,0,0,2
10384,0,0,3,1,0,1,2,0,3,0,0,0,0,1
10385,0,0,0,0,0,1,0,0,0,0,0,0,0,0
10386,0,0,0,0,0,0,0,0,0,2,1,0,3,0
10387,2,0,0,1,0,0,0,0,0,0,2,0,0,2
10388,0,0,1,0,0,1,0,0,3,3,0,0,0,2
10389,0,0,0,1,0,0,0,1,0,0,1,0,0,0
10390,0,1,3,2,1,0,0,0,0,2,0,2,2,2
10391,0,0,0,2,0,0,0,0,1,0,2,0,0,3
10392,0,0,0,0,0,1,0,0,0,2,0,0,1,0
10393,2,0,0,0,0,0,0,0,0,0,2,0,2,2
10394,0,1,0,2,0,2,0,0,0,0,2,0,2,2
10395,0,0,1,0,0,0,0,0,0,0,0,0,0,0
10396,0,0,1,1,0,0,0,1,3,2,0,0,1,0
10397,0,0,0,0,0,1,2,0,0,0,1,2,1,2
10398,0,1,0,1,1,1,0,1,0,0,1,0,2,1
10399,0,1,0,0,0,1,0,0,2,1,0,0,3,0
10400,0,0,0,0,0,1,1,1,1,3,0,0,0,0
10401,0,0,0,0,0,1,1,0,0,0,2,0,0,2
10402,2,0,0,0,0,0,0,1,0,0,2,0,0,1
10403,0,0,0,0,0,2,0,0,2,2,0,0,0,0
10404,1,0,0,0,0,1,2,0,1,0,1,0,0,0
10405,0,0,0,0,0,1,0,1,0,0,0,0,0,0
10406,0,0,0,0,0,1,0,0,2,1,0,2,0,1
10407,0,1,0,0,0,1,0,1,1,1,3,0,1,2
10408,0,0,3,1,1,0,0,0,0,1,0,0,0,0
10409,0,0,0,0,0,0,0,1,1,0,1,0,3,2
10410,0,0,0,1,0,0,0,0,0,0,1,0,0,2
10411,0,0,0,0,0,0,0,0,0,1,0,0,3,0
10412,0,1,1,1,1,1,0,1,0,3,0,0,0,2
10413,0,0,1,0,1,0,0,0,0,2,0,1,1,2
10414,0,1,0,2,1,0,0,0,0,0,0,0,0,0
10415,0,1,0,0,0,1,0,0,1,1,0,0,2,3
10416,0,1,0,2,1,0,1,0,0,2,0,0,0,0
10417,1,1,0,0,0,0,2,0,1,0,0,0,0,2
10418,0,0,0,0,0,0,0,0,0,1,1,1,3,2
10419,0,0,0,0,1,1,0,0,1,0,0,0,0,0
10420,0,0,0,0,1,0,0,0,0,1,0,2,0,2
10421,0,0,0,0,0,1,0,0,1,0,0,0,0,0
10422,0,0,0,1,0,2,1,0,0,0,2,0,0,0
10423,0,0,0,0,1,1,0,1,0,2,0,1,1,1
10424,0,0,0,1,0,2,0,1,3,1,0,0,2,0
10425,0,0,0,1,0,0,1,0,0,0,0,0,0,0
10426,1,0,1,0,0,0,0,0,0,0,1,0,0,2
10427,0,0,0,0,0,0,0,0,0,1,0,0,0,0
10428,0,0,0,1,1,1,0,0,0,0,1,0,3,3
10429,0,0,0,0,1,2,0,1,1,2,0,0,1,0
10430,0,0,3,0,0,1,0,0,0,0,1,0,0,1
10431,0,0,0,0,0,0,0,1,0,0,1,0,0,1
10432,0,0,0,0,0,0,1,0,0,3,0,0,2,3
10433,0,0,0,0,0,1,0,0,0,0,1,0,0,0
10434,0,1,3,1,0,0,0,0,3,0,0,0,0,0
10435,0,0,0,0,1,0,0,0,0,0,0,0,0,2
10436,0,0,0,0,0,1,0,1,0,0,0,0,0,0
10437,0,2,0,1,0,1,1,0,0,0,0,1,0,3
10438,0,0,0,0,0,0,0,0,1,3,0,0,0,0
10439,1,2,0,1,1,0,0,0,1,0,2,1,0,3
10440,0,0,0,2,0,1,1,0,0,1,3,0,1,2
10441,2,0,0,0,0,0,0,1,0,0,0,0,0,0
10442,2,0,0,0,0,0,0,1,0,2,0,0,3,0
10443,0,3,1,3,1,0,1,0,1,0,0,0,0,0
10444,2,0,0,0,0,0,0,0,1,0,1,0,3,3
10445,0,0,3,0,0,0,0,0,0,2,0,0,0,0
10446,0,0,0,1,0,0,0,0,0,0,1,0,0,1
10447,0,1,0,1,1,0,0,0,1,0,0,0,0,0
10448,0,1,0,2,1,0,0,1,0,0,0,3,0,1
10449,0,0,0,3,0,0,1,1,0,0,1,0,0,2
10450,1,0,0,0,0,0,1,1,0,0,2,0,0,2
10451,1,1,0,1,1,0,0,0,0,0,0,0,0,0
10452,0,0,1,0,0,1,0,0,0,1,1,1,2,1
10453,0,0,0,0,0,0,1,1,0,0,0,0,0,0
10454,1,0,0,0,0,0,0,1,1,0,0,0,0,0
10455,3,0,0,0,0,1,2,0,0,0,3,0,0,2
10456,0,0,0,0,1,0,0,0,0,0,1,0,1,2
10457,0,0,1,0,0,0,2,1,0,1,1,0,2,1
10458,0,3,0,0,1,0,0,0,0,0,0,0,0,2
10459,0,2,0,0,0,3,0,0,1,0,0,0,0,1
10460,3,0,0,0,0,0,0,0,0,0,0,0,0,0
10461,0,0,0,0,0,0,0,0,0,3,2,1,3,2
10462,0,0,0,0,0,1,0,1,2,1,0,0,3,2
10463,0,0,0,0,0,1,0,0,2,1,3,0,3,3
10464,3,0,0,0,0,0,1,0,1,0,0,0,0,0
10465,0,0,1,0,0,0,2,0,0,1,3,0,1,1
10466,0,1,3,1,1,0,3,1,0,0,1,0,0,0
10467,0,3,0,1,1,0,0,0,0,0,0,0,0,0
10468,0,0,0,3,0,0,0,1,0,1,1,0,3,3
10469,0,0,0,0,0,3,0,0,1,0,0,1,0,0
10470,0,0,0,0,1,0,0,1,0,1,1,0,3,2
10471,0,2,0,1,1,0,0,1,0,0,1,0,0,2
10472,0,0,0,3,0,1,0,0,1,1,0,0,0,0
10473,0,0,0,1,0,1,0,0,1,1,1,0,3,2
10474,0,0,0,0,1,0,0,0,0,0,1,0,0,1
10475,0,0,0,0,0,0,0,0,0,0,0,0,0,0
10476,1,0,0,0,1,0,0,0,0,1,0,0,2,0
10477,0,0,0,1,0,0,0,1,1,0,0,0,0,1
10478,1,0,0,0,0,0,0,0,0,1,0,0,0,1
10479,0,0,0,0,0,2,0,1,1,0,0,1,0,2
10480,0,0,0,0,0,0,0,0,0,0,1,1,0,2
10481,0,0,0,0,0,0,0,0,0,0,0,0,0,0
10482,1,0,0,0,0,0,0,0,0,1,3,0,3,2
10483,0,0,0,0,0,0,0,1,1,0,0,0,0,2
10484,0,1,0,1,1,0,0,0,0,0,2,0,3,2
10485,0,2,0,2,1,1,0,0,0,1,1,0,3,2
10486,0,0,0,1,1,0,0,0,0,1,0,0,1,0
10487,0,0,0,0,1,1,0,0,1,2,2,0,1,2
10488,0,0,0,0,0,0,0,0,0,0,1,0,0,2
10489,0,1,3,0,0,0,1,0,1,0,2,1,2,3
10490,0,0,0,0,0,0,0,0,0,0,0,0,0,2
10491,0,3,0,0,0,0,0,0,0,1,0,0,2,0
10492,0,1,0,1,1,0,1,0,0,0,0,0,0,0
10493,0,0,0,0,0,0,0,0,0,1,1,0,2,3
10494,0,0,1,0,1,2,0,1,1,0,0,1,0,2
10495,1,1,0,0,1,0,3,0,0,3,1,0,2,0
10496,1,0,0,0,0,0,0,0,1,1,0,0,1,0
10497,1,0,0,1,0,1,1,1,1,0,0,0,0,0
10498,0,0,0,0,1,0,0,0,0,1,0,0,3,0
10499,0,2,0,0,0,0,0,1,1,0,0,0,0,0
10500,0,0,0,0,0,1,0,0,1,0,1,1,0,1
10501,0,0,0,0,0,0,0,0,0,0,1,0,0,0
10502,0,0,0,0,0,0,0,0,0,3,0,0,2,3
10503,2,0,0,0,0,0,0,0,0,3,0,0,2,0
10504,0,1,0,0,0,0,0,0,3,0,1,0,0,1
10505,0,0,0,1,0,0,1,0,0,0,0,3,0,3
10506,1,3,0,0,0,0,1,0,0,2,0,0,0,2
10507,0,0,0,0,0,1,0,0,1,0,0,0,0,0
10508,0,0,0,0,0,0,0,0,0,0,0,0,0,0
10509,0,0,1,0,0,0,0,0,0,0,0,0,0,0
10510,0,0,1,0,1,0,0,1,0,1,0,0,1,2
10511,0,0,0,0,0,0,0,0,1,0,0,0,0,0
10512,0,2,0,2,1,0,0,0,0,1,1,0,3,2
10513,0,1,0,1,1,2,0,0,0,0,0,0,0,0
10514,0,0,0,0,0,1,2,1,1,0,0,0,0,0
10515,1,1,0,0,0,1,0,1,0,0,1,0,0,2
10516,0,0,0,0,0,0,0,0,1,1,0,0,3,0
10517,0,0,0,1,0,0,0,0,0,0,2,1,0,1
10518,0,1,0,2,0,0,0,0,0,0,0,0,0,0
10519,0,0,3,0,0,3,1,1,1,0,0,0,0,0
10520,1,3,1,2,1,1,2,0,0,0,0,0,0,0
10521,1,0,1,0,0,0,0,0,0,2,0,0,1,2
10522,0,1,0,0,1,3,0,1,0,0,0,0,0,0
10523,0,2,2,0,0,1,0,1,3,1,0,0,3,2
10524,0,0,0,0,0,1,1,0,0,3,0,0,3,2
10525,0,0,0,0,0,0,0,1,0,0,1,0,2,3
10526,0,0,2,0,0,0,0,0,0,3,0,0,0,2
10527,0,0,0,0,1,1,3,0,0,0,0,0,0,3
10528,1,0,0,0,0,0,0,0,0,1,0,0,1,3
10529,0,1,1,0,0,0,0,0,0,0,1,0,0,2
10530,0,3,0,0,0,1,1,1,1,1,0,0,3,0
10531,0,2,3,0,0,1,0,0,0,0,0,0,0,0
10532,0,1,0,0,0,0,0,0,1,0,0,0,0,0
10533,0,0,0,0,0,0,0,1,0,1,0,0,0,0
10534,0,0,0,0,0,1,0,0,1,0,1,0,0,0
10535,0,0,0,0,1,1,0,1,1,0,0,0,0,0
10536,2,0,3,1,0,0,1,1,0,1,0,0,1,0
10537,0,3,0,1,0,0,0,0,0,0,0,0,0,0
10538,2,1,0,0,0,0,0,0,0,0,0,0,0,0
10539,0,1,1,0,1,2,0,0,1,0,0,1,0,0
10540,0,0,0,0,0,0,0,1,0,1,0,0,0,0
10541,0,0,0,0,0,1,0,1,2,0,1,0,0,1
10542,0,1,0,1,1,0,0,0,0,0,1,0,0,0
10543,0,0,0,1,0,1,0,0,2,0,0,0,0,0
10544,0,1,0,1,0,0,0,0,0,0,0,3,0,2
10545,0,0,0,0,0,0,1,1,1,0,1,1,1,3
10546,0,0,0,0,0,0,3,0,0,1,3,0,1,2
10547,0,0,0,0,1,1,0,0,1,0,0,0,0,0
10548,0,0,3,0,1,0,2,0,0,1,1,0,1,2
10549,0,0,1,0,0,1,2,0,1,0,2,0,0,2
10550,0,2,0,1,1,1,0,0,0,0,1,0,0,2
10551,0,0,0,0,0,3,1,1,1,0,0,0,0,0
10552,1,0,0,0,0,0,0,0,0,0,0,0,0,0
10553,0,3,0,3,1,0,0,0,0,3,1,2,3,1
10554,0,0,0,0,0,2,0,0,0,1,0,0,0,1
10555,0,0,0,0,0,0,1,0,0,0,1,0,0,3
10556,0,0,0,0,0,0,0,1,0,0,0,1,0,3
10557,0,1,0,3,1,0,0,0,1,0,0,0,0,2
10558,0,0,0,0,0,0,0,1,0,0,0,0,0,0
10559,0,0,0,0,0,0,0,0,0,1,1,0,2,1
10560,0,0,0,0,0,0,0,0,0,0,0,1,0,0
10561,0,1,0,0,0,1,2,0,0,0,0,0,0,1
10562,0,0,0,0,0,0,0,0,0,0,2,0,0,0
10563,0,1,0,0,1,0,0,0,0,0,0,0,0,1
10564,0,0,0,0,0,0,1,0,0,3,0,0,0,0
10565,0,0,0,0,1,0,0,0,0,0,0,0,0,0
10566,0,0,0,0,1,0,1,0,0,0,1,0,0,0
10567,0,0,0,0,1,3,0,0,0,1,0,0,0,0
10568,0,0,0,0,0,0,0,0,0,1,0,0,0,0
10569,0,0,0,3,1,0,0,0,0,2,3,0,1,2
10570,0,0,0,0,0,2,0,1,0,0,0,0,0,0
10571,0,1,0,1,1,1,0,0,0,1,1,0,3,0
10572,0,0,0,0,0,3,0,0,0,2,0,0,1,0
10573,0,0,0,0,0,0,0,0,0,0,2,0,2,1
10574,0,1,0,1,1,0,0,0,0,0,0,1,0,1
10575,0,1,0,0,0,0,0,0,0,1,0,1,3,1
10576,0,0,0,1,0,0,0,0,0,1,0,0,0,0
10577,3,0,1,0,0,0,0,1,0,0,0,0,0,2
10578,0,1,0,1,1,0,0,0,0,0,3,0,0,2
10579,0,0,0,2,0,0,1,0,0,0,1,0,0,0
10580,0,3,0,0,0,0,0,1,1,3,1,3,2,1
10581,2,1,0,1,1,0,0,1,3,0,0,0,0,0
10582,0,2,2,0,1,0,0,0,0,1,0,0,0,0
10583,0,0,1,0,0,1,0,1,1,0,1,0,3,2
10584,0,2,3,1,0,0,0,1,0,0,0,0,0,0
10585,0,0,0,0,0,1,0,0,1,0,0,0,0,0
10586,2,0,3,0,0,0,0,0,0,0,0,2,0,1
10587,1,1,0,0,0,0,0,0,0,0,0,1,0,0
10588,0,1,0,0,0,0,0,0,0,1,0,1,1,2
10589,1,0,0,0,1,0,0,1,0,0,0,0,0,0
10590,0,0,0,0,0,2,3,0,2,2,0,0,3,3
10591,0,0,1,0,0,0,1,0,3,0,0,0,0,3
10592,0,1,2,2,1,0,0,0,0,0,0,0,0,2
10593,0,0,1,0,0,0,0,0,0,1,0,1,0,2
10594,1,0,0,0,0,1,0,0,0,0,0,0,0,0
10595,0,0,2,0,0,0,0,0,0,2,0,0,1,0
10596,0,2,0,1,1,2,0,0,0,0,0,1,0,3
10597,0,0,0,1,0,0,0,0,2,0,1,0,0,0
10598,0,1,0,2,1,0,0,0,1,0,0,0,0,0
10599,0,0,0,0,0,0,0,0,0,0,0,0,0,0
10600,0,0,0,0,0,0,0,1,0,0,2,0,0,2
10601,0,3,0,2,1,0,0,1,0,0,2,0,3,1
10602,0,0,0,0,0,0,0,0,0,1,1,0,1,2
10603,3,0,0,1,0,0,0,0,1,0,0,2,0,2
10604,0,0,0,2,0,0,0,0,0,1,0,0,1,0
10605,1,0,0,0,0,0,0,0,0,1,2,0,2,2
10606,0,1,1,3,1,0,0,0,0,0,1,0,0,2
10607,0,1,0,1,0,0,1,0,0,0,3,0,0,0
10608,0,0,2,0,0,1,0,0,3,0,0,0,0,1
10609,0,0,0,0,0,0,1,0,0,0,1,1,0,2
10610,0,1,0,0,0,1,0,0,0,0,1,0,1,1
10611,1,0,0,0,0,0,0,1,1,0,0,3,0,2
10612,1,0,0,0,0,0,3,0,0,2,0,0,2,1
10613,1,0,0,1,0,0,0,1,0,0,0,0,0,0
10614,0,0,1,0,0,0,0,1,0,0,0,0,0,1
10615,0,0,0,0,0,0,0,0,0,0,0,0,0,0
10616,0,0,0,1,0,0,0,0,0,0,0,0,0,0
10617,0,0,1,0,1,0,0,1,0,0,1,1,0,2
10618,0,0,0,0,0,0,0,1,0,0,0,1,0,3
10619,0,0,0,0,0,3,0,0,3,0,0,0,0,0
10620,0,1,0,0,0,0,1,1,0,1,1,1,3,3
10621,0,0,0,1,0,0,0,0,0,0,0,0,0,0
10622,0,0,0,0,0,0,0,1,0,1,1,0,1,2
10623,0,0,0,0,0,0,0,0,0,0,1,0,0,2
10624,0,3,3,0,0,0,0,0,0,1,0,3,0,2
10625,1,0,2,0,0,0,0,0,1,3,3,0,1,1
10626,0,1,0,2,1,3,0,1,0,0,0,1,0,0
10627,0,0,0,0,0,0,0,1,0,3,0,2,0,2
10628,0,0,0,0,1,0,0,0,3,0,0,0,0,0
10629,0,0,0,2,0,1,0,1,1,0,0,0,0,0
10630,1,1,0,1,1,0,1,0,0,0,0,0,0,0
10631,1,1,0,0,0,0,0,1,1,0,0,0,0,0
10632,1,0,0,0,0,2,0,0,0,1,0,0,2,0
10633,0,0,0,0,0,3,0,0,1,0,0,0,0,0
10634,0,1,0,0,0,0,0,0,0,1,0,0,1,0
10635,0,0,0,0,0,0,0,0,0,0,2,0,0,3
10636,0,2,0,1,1,0,0,0,2,1,0,3,0,1
10637,1,1,0,1,1,2,0,1,0,1,0,0,1,0
10638,0,0,0,3,1,0,0,0,0,0,1,0,0,0
10639,1,0,0,0,0,1,0,1,1,0,1,0,0,0
10640,0,2,0,0,1,0,0,0,0,0,0,0,0,2
10641,0,0,0,3,0,3,0,1,0,0,0,0,0,2
10642,0,1,3,0,1,1,0,0,0,0,0,0,0,0
10643,0,0,0,0,1,0,0,0,0,0,0,0,0,0
10644,1,0,0,1,1,0,0,0,0,0,0,0,0,0
10645,0,0,0,0,0,1,0,0,1,0,0,0,0,0
10646,0,0,0,0,0,0,0,1,0,0,0,0,0,0
10647,0,1,0,0,0,3,1,1,2,0,0,0,0,0
10648,0,0,2,0,1,2,0,1,3,0,0,0,0,0
10649,1,2,0,1,1,0,1,0,0,0,1,0,2,3
10650,0,1,0,3,1,2,1,0,0,0,0,0,0,0
10651,0,3,0,3,0,1,0,1,0,0,0,0,0,0
10652,0,1,0,0,0,0,0,0,1,0,0,0,0,2
10653,0,0,0,1,0,1,0,0,3,0,0,0,0,0
10654,0,0,0,0,0,3,0,0,0,0,1,0,0,0
10655,0,0,0,0,1,0,1,1,0,0,1,0,1,3
10656,0,0,0,0,0,0,1,0,0,0,2,0,0,0
10657,0,2,2,0,0,0,0,0,0,1,2,0,1,3
10658,0,1,0,1,1,0,0,0,0,0,0,2,0,2
10659,0,0,0,0,0,0,0,0,0,1,0,0,3,1
10660,0,0,0,0,0,3,0,1,1,0,1,0,3,2
10661,0,0,0,0,0,0,0,1,0,0,0,3,0,1
10662,0,1,1,3,1,2,0,1,0,0,0,0,0,2
10663,0,0,0,0,1,0,0,1,0,0,2,1,0,2
10664,0,0,0,0,0,0,0,1,0,2,0,0,0,0
10665,1,0,2,0,0,0,0,0,0,1,0,0,0,0
10666,0,0,1,0,0,0,0,1,0,0,0,1,0,1
10667,0,0,0,0,0,1,0,0,0,2,0,0,3,0
10668,0,0,0,0,1,0,0,0,0,0,1,0,0,2
10669,0,0,0,0,0,0,0,0,3,0,1,0,2,2
10670,0,0,0,0,1,2,0,0,0,0,0,0,0,0
10671,1,0,0,0,0,0,0,1,0,2,0,0,1,2
10672,0,2,0,3,1,0,0,0,0,1,0,0,0,0
10673,0,1,0,1,1,0,0,0,0,0,1,0,0,3
10674,0,1,0,0,0,1,0,0,0,0,3,0,0,0
10675,0,1,0,0,0,0,1,0,3,1,0,0,1,2
10676,0,0,0,0,0,0,0,0,1,3,0,0,0,0
10677,0,3,0,0,0,1,0,1,0,0,0,0,0,0
10678,0,0,0,0,0,0,0,0,0,0,2,0,0,2
10679,0,0,0,0,0,0,0,0,2,0,0,0,0,0
10680,0,2,0,0,0,0,0,0,0,0,0,0,0,0
10681,0,2,3,1,1,0,0,1,0,1,2,0,3,2
10682,2,0,0,0,0,1,1,0,1,0,0,0,0,0
10683,0,1,0,2,1,0,1,0,1,1,1,0,1,1
10684,0,3,0,1,1,0,0,1,1,0,0,0,0,3
10685,0,0,0,0,0,0,0,1,0,0,0,0,0,2
10686,1,0,0,2,1,2,0,1,1,3,1,0,3,0
10687,0,0,2,0,0,0,0,1,0,0,0,0,0,0
10688,1,1,0,0,0,1,0,1,0,1,0,3,3,2
10689,3,0,0,0,1,0,0,0,3,0,0,0,0,2
10690,0,1,3,1,1,1,0,0,0,1,0,0,3,0
10691,0,0,0,0,0,1,0,0,1,1,0,0,0,0
10692,0,1,1,1,1,0,0,1,0,0,1,0,0,2
10693,0,0,0,0,0,0,0,1,0,2,0,0,0,0
10694,0,0,0,0,0,1,0,0,0,1,0,1,0,2
10695,0,0,0,1,0,1,0,0,1,1,0,0,2,0
10696,0,2,0,3,1,0,0,0,1,3,1,0,2,2
10697,0,0,1,0,0,0,0,0,0,2,0,0,0,0
10698,0,3,0,0,0,1,0,1,3,1,3,0,3,3
10699,0,0,0,0,0,0,0,0,0,0,0,0,0,2
10700,0,0,0,3,1,0,1,1,0,3,1,0,2,2
10701,0,0,0,1,0,0,0,0,0,0,0,0,0,2
10702,0,1,3,0,0,1,1,1,1,1,0,0,2,0
10703,1,0,0,0,0,0,0,1,0,0,0,0,0,0
10704,0,0,0,0,0,0,0,0,0,0,3,0,0,0
10705,0,2,0,0,0,1,0,1,2,1,0,0,0,0
10706,0,1,0,1,1,0,0,0,0,1,0,0,0,0
10707,0,0,0,0,0,1,0,1,0,0,0,0,0,0
10708,0,0,2,0,0,0,2,0,0,0,2,0,0,2
10709,1,1,0,0,0,1,1,1,1,0,2,0,0,2
10710,0,0,0,3,1,0,0,1,2,0,2,0,0,1
10711,0,0,0,0,0,2,0,1,0,0,1,0,0,1
10712,0,2,0,0,0,1,0,1,0,1,0,0,2,0
10713,0,0,0,0,0,1,0,0,0,3,0,0,0,0
10714,0,0,0,0,0,0,0,0,0,0,1,0,0,2
10715,0,2,0,0,0,0,0,0,0,0,0,0,0,0
10716,0,1,0,0,0,0,0,0,0,0,0,0,0,0
10717,0,1,0,0,0,0,0,1,0,1,0,0,0,0
10718,0,0,0,0,0,2,2,0,0,1,0,0,1,0
10719,0,0,0,0,0,0,0,1,0,1,0,0,0,0
10720,0,0,0,0,0,1,0,0,2,1,0,1,3,2
10721,0,0,0,0,0,0,0,1,3,0,0,0,0,0
10722,0,1,0,0,0,0,0,0,0,0,0,0,0,0
10723,0,1,0,1,1,0,0,1,0,0,0,0,0,0
10724,1,1,1,0,0,0,1,0,0,0,1,0,0,2
10725,0,0,0,0,0,1,0,1,0,0,0,0,0,0
10726,1,1,3,2,1,0,1,0,0,0,0,0,0,0
10727,0,1,1,1,0,0,2,0,0,0,0,0,0,2
10728,0,1,0,1,1,0,0,1,0,0,0,0,0,2
10729,0,0,0,0,0,0,3,0,1,0,0,0,0,0
10730,0,0,0,0,0,0,2,1,3,0,0,0,0,0
10731,0,3,0,2,1,0,0,0,0,0,1,0,0,2
10732,1,1,0,0,1,1,1,0,0,0,0,0,0,0
10733,0,0,0,0,1,0,0,0,0,1,0,0,1,2
10734,2,0,0,0,0,0,0,1,0,0,0,0,0,0
10735,0,0,0,1,0,0,0,0,0,0,0,1,0,0
10736,0,0,0,0,1,0,0,0,0,0,0,0,0,0
10737,0,0,0,0,0,0,1,0,0,1,0,0,1,0
10738,0,0,0,0,0,2,1,0,0,0,0,0,0,0
10739,0,1,1,0,0,1,3,1,1,0,1,0,0,2
10740,0,0,0,0,0,0,0,1,0,2,0,1,2,0
10741,0,0,0,0,0,2,0,0,0,0,0,0,0,0
10742,0,0,0,0,0,0,0,0,0,3,0,0,1,0
10743,0,0,3,0,0,0,0,0,0,0,0,0,0,2
10744,0,2,0,1,1,0,0,0,1,1,0,0,1,0
10745,0,0,0,1,0,0,0,0,0,1,1,0,1,0
10746,0,0,0,2,0,0,0,0,0,1,0,0,1,0
10747,0,0,0,0,0,0,0,0,0,0,0,0,0,0
10748,0,0,1,0,0,0,0,0,0,1,0,0,0,0
10749,3,0,1,2,0,0,0,1,0,0,0,3,0,2
10750,0,0,0,0,1,0,0,0,0,1,0,0,1,2
10751,0,0,0,0,0,1,0,0,0,0,0,1,0,1
10752,0,1,0,0,0,1,0,0,2,0,0,0,0,0
10753,0,1,0,2,1,0,1,0,0,3,3,0,3,0
10754,0,0,0,0,0,1,0,0,0,0,0,0,0,2
10755,0,0,1,0,0,0,1,0,0,0,1,0,0,2
10756,0,0,0,0,0,1,0,0,1,1,0,0,0,0
10757,0,1,2,0,0,0,0,0,0,0,0,1,0,1
10758,0,0,0,0,0,1,0,0,0,0,1,1,0,2
10759,0,1,0,1,1,1,0,1,0,0,1,0,3,1
10760,0,0,0,0,0,0,0,0,0,1,0,0,2,3
10761,0,0,0,0,1,0,0,1,0,0,2,0,0,2
10762,0,0,1,0,0,0,1,0,3,1,0,0,0,0
10763,2,1,0,0,1,0,0,0,0,0,1,2,0,2
10764,0,0,0,0,0,1,0,0,0,0,1,0,0,1
10765,0,0,1,0,0,0,2,0,0,0,2,0,0,2
10766,0,1,0,0,0,0,0,0,1,0,0,0,0,0
10767,0,0,0,0,1,1,0,1,0,1,0,0,0,0
10768,0,0,3,0,0,0,0,1,0,0,0,0,0,0
10769,1,0,0,0,1,0,0,0,0,0,0,0,0,0
10770,1,1,0,1,1,0,0,1,0,0,0,0,0,1
10771,0,0,1,0,0,1,2,1,1,2,0,0,1,0
10772,0,0,0,0,0,0,0,0,0,0,0,0,0,0
10773,2,1,0,1,0,0,0,1,1,0,0,0,0,0
10774,0,0,3,2,0,0,0,0,1,0,3,0,0,0
10775,3,0,0,0,0,0,0,1,0,2,0,0,0,0
10776,0,0,0,0,0,0,0,1,1,1,1,0,1,2
10777,0,3,0,1,1,0,3,0,0,1,1,0,1,2
10778,0,0,0,0,0,0,0,0,0,0,0,0,0,0
10779,0,0,0,0,0,1,0,0,2,1,3,0,3,1
10780,0,0,0,0,0,1,0,0,1,1,0,0,3,2
10781,0,0,0,2,0,0,0,0,0,0,0,0,0,0
10782,0,0,0,1,0,1,0,0,2,0,0,0,0,0
10783,2,1,0,1,1,0,0,0,0,0,1,0,0,3
10784,0,1,0,1,0,0,0,1,0,0,0,0,0,1
10785,0,0,0,1,0,0,0,1,1,2,0,0,1,0
10786,0,3,0,1,0,0,0,1,0,0,0,1,0,2
10787,0,0,0,0,0,0,1,1,0,0,0,0,0,1
10788,0,1,0,1,1,0,0,0,0,1,0,0,0,0
10789,3,0,0,0,0,1,0,0,1,0,0,2,0,1
10790,0,2,0,0,1,1,1,0,3,1,0,0,1,2
10791,0,0,0,0,0,0,0,1,0,0,0,1,0,1
10792,0,3,0,0,1,0,0,1,0,0,3,0,2,2
10793,1,0,0,0,0,0,0,1,1,0,0,0,0,2
10794,0,0,2,0,0,0,0,1,0,0,2,0,0,0
10795,0,0,0,0,0,1,1,0,2,2,1,1,1,1
10796,0,0,0,0,0,0,0,0,0,0,0,3,0,2
10797,0,0,0,3,0,0,1,0,0,0,0,0,0,0
10798,0,0,1,0,0,0,0,1,1,1,0,0,1,0
10799,0,0,0,0,0,0,0,1,0,0,1,0,0,2
10800,0,0,0,0,0,0,1,1,0,1,1,0,1,1
10801,1,0,1,0,0,0,0,1,0,0,0,0,0,0
10802,0,1,3,0,0,0,0,0,0,2,0,0,1,2
10803,0,0,0,0,0,1,0,0,1,3,0,0,0,0
10804,0,0,0,0,0,0,3,0,1,0,0,0,0,0
10805,0,1,2,1,1,0,0,0,0,1,0,0,0,2
10806,1,0,0,0,1,0,1,0,1,0,0,0,0,2
10807,0,0,0,0,1,0,0,0,0,0,0,0,0,0
10808,0,0,0,0,0,3,0,0,3,1,3,0,3,2
10809,0,0,0,0,1,1,0,0,1,0,0,0,0,0
10810,0,0,0,0,0,0,0,0,0,0,2,0,0,1
10811,1,0,0,0,0,0,1,0,0,0,0,0,0,0
10812,3,0,2,1,0,0,0,1,1,0,0,0,0,1
10813,0,3,0,0,0,0,0,1,0,1,0,1,2,1
10814,0,0,0,1,0,0,1,0,1,0,0,0,0,0
10815,0,0,0,1,0,0,0,1,0,0,1,0,0,2
10816,3,0,0,0,0,0,0,0,0,1,0,0,0,2
10817,0,0,0,0,0,0,0,0,0,1,0,0,3,1
10818,0,0,0,0,0,1,0,0,0,0,0,0,0,0
10819,0,0,0,0,0,0,0,0,0,2,0,0,3,2
10820,1,0,0,1,1,1,0,0,1,1,0,0,0,0
10821,2,0,0,0,0,0,0,0,0,0,0,0,0,0
10822,0,0,0,0,0,0,0,1,0,1,0,0,3,0
10823,2,0,0,0,0,0,0,1,1,1,1,0,1,2
10824,0,0,0,0,0,0,0,1,0,0,1,0,0,2
10825,1,1,0,1,1,0,0,0,0,0,0,0,0,0
10826,0,1,0,0,0,2,1,1,0,1,0,0,0,0
10827,0,0,0,0,0,1,0,0,1,1,2,0,1,3
10828,0,1,0,1,1,0,2,1,0,0,2,0,0,0
10829,0,0,0,0,1,0,0,0,0,1,0,0,1,0
10830,1,1,1,1,0,0,2,1,0,0,0,0,0,0
10831,3,0,0,0,0,1,0,1,3,3,1,1,2,2
10832,0,0,0,1,1,0,0,0,1,0,1,0,3,0
10833,0,0,0,0,0,0,0,0,0,0,3,0,0,1
10834,0,0,1,0,0,0,0,1,0,0,1,0,0,1
10835,0,2,0,1,1,0,0,0,0,0,2,0,1,2
10836,0,0,1,1,0,0,0,0,0,0,0,0,0,0
10837,0,0,0,0,0,0,0,0,0,1,0,0,0,0
10838,1,0,0,3,0,0,0,0,0,0,0,0,0,0
10839,2,0,1,0,1,0,1,0,0,1,0,0,0,3
10840,0,0,0,0,0,0,0,1,0,0,0,2,0,2
10841,0,0,0,0,0,0,0,0,0,1,0,0,0,2
10842,0,0,0,0,1,0,0,0,0,2,2,0,2,2
10843,0,0,0,0,0,0,0,0,0,0,0,0,0,0
10844,1,0,2,1,0,0,0,0,0,3,0,0,1,2
10845,0,1,0,0,0,0,0,0,0,1,1,0,2,1
10846,0,0,3,0,1,0,0,0,0,1,0,0,0,0
10847,0,0,0,0,1,0,0,0,0,0,1,0,0,2
10848,0,0,1,1,0,0,0,0,0,0,0,0,0,0
10849,0,3,0,1,1,0,0,1,0,0,1,0,0,1
10850,0,0,0,0,1,0,0,0,0,1,1,0,3,2
10851,2,1,1,0,0,2,0,0,0,1,0,0,0,0
10852,0,2,1,0,0,1,1,0,0,0,1,0,0,2
10853,0,0,0,0,0,0,2,0,0,0,0,0,0,0
10854,0,0,0,0,1,0,0,1,0,0,0,0,0,0
10855,0,0,0,1,0,0,0,1,0,0,0,0,0,1
10856,0,2,1,3,1,0,1,0,0,0,0,0,0,2
10857,0,0,0,0,1,0,0,1,0,0,0,0,0,2
10858,1,0,0,0,0,0,0,1,0,1,0,0,0,0
10859,0,1,0,0,0,1,0,0,0,1,0,0,0,0
10860,0,2,1,1,1,0,1,0,0,3,1,2,1,1
10861,0,1,0,1,1,1,0,0,0,0,0,0,0,1
10862,0,1,0,2,1,0,0,0,1,0,0,0,0,0
10863,2,0,1,1,0,0,1,0,0,1,0,0,1,0
10864,0,0,0,0,1,0,0,0,1,1,0,0,0,0
10865,0,1,0,0,0,0,1,0,0,0,2,0,1,2
10866,0,3,0,1,1,0,0,1,0,0,1,0,0,2
10867,0,0,0,0,1,2,0,0,1,0,0,0,0,0
10868,0,0,0,0,0,1,0,1,2,1,1,0,1,0
10869,0,1,0,3,1,0,0,0,0,0,0,0,0,0
10870,0,0,0,0,1,0,0,0,0,0,0,0,0,0
10871,0,0,0,0,0,1,0,0,1,2,0,0,2,3
10872,0,0,0,1,0,0,0,0,3,0,0,0,0,0
10873,0,1,0,1,1,0,0,1,0,1,0,0,0,0
10874,3,2,1,2,1,0,0,0,0,3,0,0,0,0
10875,0,0,0,0,0,1,0,0,0,0,0,0,0,0
10876,0,0,1,0,0,1,0,0,1,2,0,0,2,0
10877,0,0,1,0,0,0,0,1,0,0,1,0,3,2
10878,1,3,0,0,0,2,3,1,0,1,0,0,2,0
10879,0,0,0,0,0,0,0,0,0,1,0,0,3,2
10880,1,0,0,0,0,1,0,0,1,0,0,0,0,0
10881,0,1,0,0,0,1,0,0,1,0,0,0,0,0
10882,0,0,0,0,0,1,0,0,0,2,1,0,1,0
10883,0,0,0,0,0,0,0,0,0,0,1,0,0,2
10884,0,0,0,0,0,0,0,0,0,0,0,0,0,0
10885,0,0,0,0,0,0,0,0,0,0,0,1,0,2
10886,0,0,2,0,0,0,0,0,0,0,0,0,0,0
10887,2,1,0,1,0,0,1,0,0,0,0,0,0,0
10888,0,0,0,0,0,3,1,0,1,0,0,0,0,0
10889,0,0,0,0,0,0,0,1,0,1,0,3,0,3
10890,0,0,0,0,1,0,0,1,0,0,0,0,0,0
10891,2,0,0,2,0,1,0,0,0,2,1,0,1,1
10892,1,0,0,0,1,0,0,1,0,1,0,0,2,1
10893,0,3,0,0,0,0,0,0,0,0,0,0,0,0
10894,1,0,0,0,0,0,0,0,0,0,0,0,0,0
10895,0,0,0,0,1,1,0,0,0,0,0,0,0,0
10896,0,0,0,0,1,0,0,0,0,0,0,0,0,0
10897,0,0,0,0,0,0,0,0,0,0,0,1,0,1
10898,0,0,0,1,0,0,0,0,1,0,2,0,2,3
10899,0,1,0,1,1,0,0,1,0,1,0,0,0,0
10900,0,0,0,0,0,0,3,0,1,1,3,0,3,2
10901,0,0,0,0,0,2,2,0,1,0,0,1,0,3
10902,2,0,0,0,1,2,0,0,2,1,0,0,1,0
10903,0,0,0,1,1,0,2,0,0,0,1,0,0,2
10904,3,0,0,0,1,1,0,1,2,2,1,1,3,1
10905,0,0,0,0,0,0,0,0,0,0,0,0,0,0
10906,0,0,0,0,1,0,0,1,0,1,1,0,3,1
10907,0,0,1,0,1,0,0,0,0,3,0,0,1,0
10908,0,0,0,0,0,1,0,1,1,3,0,0,0,0
10909,1,0,2,0,0,0,1,0,0,0,0,0,0,0
10910,1,0,0,0,1,0,0,1,0,0,1,0,1,0
10911,0,1,0,1,1,1,0,0,0,2,0,0,1,1
10912,0,1,0,3,1,0,0,1,1,3,1,0,1,2
10913,0,0,0,0,0,2,0,0,2,1,0,0,0,0
10914,0,0,0,0,0,0,0,0,0,0,1,0,1,2
10915,0,0,0,0,0,0,0,0,2,0,1,1,1,3
10916,0,0,0,0,1,2,0,1,0,1,0,0,3,3
10917,1,0,0,0,0,0,0,1,1,0,0,0,0,0
10918,0,0,0,0,1,0,0,0,0,1,1,0,3,0
10919,0,0,0,0,1,0,1,1,0,0,2,0,1,1
10920,0,3,0,1,1,0,0,0,2,0,0,0,0,2
10921,0,3,0,1,1,0,0,1,0,1,0,0,0,3
10922,2,0,0,0,0,0,0,0,0,0,0,0,0,2
10923,0,0,0,0,0,1,0,0,0,0,3,0,2,3
10924,0,0,0,0,0,0,0,1,0,1,0,0,0,0
10925,0,0,0,0,0,0,0,0,1,1,1,0,2,2
10926,0,0,0,0,1,1,3,0,0,0,0,0,0,0
10927,0,0,0,0,0,2,0,0,1,1,0,0,3,0
10928,0,0,0,0,0,2,1,0,0,0,1,0,1,2
10929,0,0,1,0,0,0,0,0,2,2,0,1,0,1
10930,0,0,0,1,0,0,0,1,0,0,0,0,0,0
10931,0,0,0,3,0,0,0,0,0,1,1,2,1,2
10932,2,0,0,0,0,0,0,1,0,0,0,0,0,0
10933,0,3,1,1,1,0,1,0,2,0,0,0,0,0
10934,0,0,0,0,0,0,0,0,0,0,1,1,0,1
10935,1,1,0,0,0,0,2,0,0,0,0,0,0,2
10936,1,0,0,0,0,1,0,0,0,3,1,0,1,2
10937,0,0,1,0,0,0,0,1,0,0,1,0,0,1
10938,0,1,0,3,1,0,0,0,0,0,0,0,0,0
10939,0,0,0,0,0,0,0,0,1,0,0,2,0,1
10940,0,1,0,3,0,3,0,0,0,0,0,0,0,0
10941,0,0,0,0,0,0,0,0,0,1,0,0,2,0
10942,0,2,0,0,0,1,1,1,1,0,0,0,0,1
10943,0,0,1,1,1,0,0,0,0,0,0,0,0,0
10944,1,0,1,1,0,1,0,1,1,1,1,0,3,1
10945,0,0,0,0,0,0,0,1,0,0,1,0,0,0
10946,0,1,1,1,1,3,3,1,0,2,0,0,0,0
10947,0,0,0,3,0,0,0,0,0,0,1,0,0,2
10948,0,0,0,0,0,0,0,0,0,1,3,0,3,3
10949,0,0,0,0,0,0,1,0,0,0,1,0,0,0
10950,0,0,1,1,0,0,0,0,0,1,2,3,3,2
10951,0,0,1,0,0,0,0,0,0,0,0,0,0,0
10952,0,0,0,0,0,2,0,0,2,1,0,0,3,2
10953,1,2,0,0,0,1,0,0,1,1,1,0,2,2
10954,0,0,0,0,0,0,2,0,0,0,3,0,0,2
10955,0,0,0,0,0,0,0,0,0,0,0,0,0,0
10956,0,0,0,0,0,0,0,1,0,0,2,0,0,1
10957,0,1,0,0,0,0,0,0,0,0,0,0,0,0
10958,0,0,1,1,0,0,0,0,0,2,0,2,0,1
10959,1,1,0,3,1,0,0,1,0,0,0,0,0,0
10960,0,0,2,1,1,0,0,0,0,0,1,0,0,2
10961,0,0,0,0,0,0,0,0,1,0,1,0,0,3
10962,0,1,2,0,0,1,2,0,1,3,3,0,1,3
10963,2,2,0,2,1,0,0,0,0,0,0,0,0,0
10964,1,1,2,2,1,2,0,0,0,2,0,1,3,1
10965,0,0,0,0,0,0,0,0,0,0,0,0,0,0
10966,0,0,0,0,0,2,0,0,0,1,1,0,1,1
10967,0,0,0,0,0,0,1,0,0,1,1,0,2,3
10968,0,0,0,0,0,0,2,0,0,3,0,0,3,2
10969,0,3,0,0,0,0,0,0,0,1,0,0,3,0
10970,1,0,0,0,0,0,0,0,1,2,1,0,2,2
10971,0,0,0,0,0,0,1,1,1,0,0,0,0,0
10972,1,0,0,0,0,0,0,0,0,0,0,0,0,1
10973,3,0,0,0,0,1,0,0,0,1,1,0,3,1
10974,0,1,0,0,0,0,0,0,0,2,2,0,3,2
10975,0,1,0,0,0,0,0,1,0,1,1,0,1,2
10976,0,2,0,0,1,0,1,1,0,0,0,0,0,2
10977,0,0,0,0,0,0,0,0,1,0,0,0,0,0
10978,0,3,0,1,1,3,0,0,0,1,1,0,2,1
10979,0,2,0,3,1,0,0,0,0,0,0,0,0,0
10980,0,0,0,1,0,0,0,1,0,0,0,0,0,0
10981,0,1,0,1,0,1,0,0,1,3,0,2,1,2
10982,2,1,0,0,0,0,0,0,0,0,0,0,0,0
10983,1,0,0,0,0,0,0,1,1,0,0,0,0,2
10984,0,0,0,0,1,0,0,0,0,0,0,1,0,0
10985,0,0,0,0,1,0,0,0,0,0,1,0,0,2
10986,0,1,0,0,0,0,0,1,0,0,0,0,0,0
10987,0,0,0,0,0,0,0,0,1,1,1,0,1,2
10988,1,0,0,0,0,0,2,0,1,2,0,0,0,0
10989,0,0,0,0,0,0,0,0,0,0,0,3,0,2
10990,0,0,1,2,0,0,0,0,0,3,0,0,0,0
10991,0,1,0,0,0,0,0,0,0,0,0,0,0,0
10992,0,0,0,3,1,1,0,0,0,0,1,0,0,2
10993,0,0,0,0,0,0,0,1,0,0,1,0,0,2
10994,0,0,1,0,0,0,0,0,0,0,1,0,1,2
10995,0,3,1,1,0,0,0,0,0,0,0,0,0,0
10996,1,3,0,1,1,0,0,0,0,1,1,2,2,1
10997,0,1,0,1,1,0,0,1,3,0,0,0,0,0
10998,2,0,0,0,0,2,0,0,1,0,0,0,0,3
10999,0,1,0,0,0,1,1,0,0,1,0,1,2,2
11000,0,2,1,1,1,0,0,0,0,0,0,3,0,1
11001,0,0,0,0,0,0,0,0,0,0,0,0,0,0
11002,0,0,0,0,0,2,0,0,0,1,1,0,2,2
11003,0,0,0,0,1,1,0,1,0,0,1,0,3,2
11004,0,0,0,0,1,2,0,0,1,0,1,0,0,2
11005,0,1,0,1,0,0,0,1,0,0,1,3,0,2
11006,0,0,0,0,0,0,0,0,0,0,2,0,3,2
11007,0,0,0,0,0,1,0,0,0,0,0,0,0,0
11008,0,0,0,0,0,1,0,0,1,0,0,1,0,2
11009,0,1,1,0,1,0,0,0,0,1,1,0,3,2
11010,2,1,0,0,0,0,0,1,0,0,0,0,0,0
11011,0,0,0,0,0,0,0,0,0,0,1,1,0,2
11012,0,1,0,3,0,0,0,0,1,0,0,0,0,1
11013,0,1,0,0,0,0,0,1,0,0,0,0,0,0
11014,0,0,0,0,0,0,0,0,0,1,0,0,3,0
11015,0,1,0,0,1,0,0,0,1,0,0,0,0,1
11016,0,1,0,0,1,1,2,1,0,0,1,0,0,2
11017,0,0,0,0,0,0,0,0,0,1,2,0,1,2
11018,0,0,0,0,0,0,0,1,1,0,0,1,0,2
11019,0,0,0,2,0,0,0,0,0,0,0,0,0,0
11020,2,2,0,0,0,0,1,0,0,3,0,0,2,0
11021,0,0,0,0,1,0,0,0,0,2,0,0,2,0
11022,2,0,1,0,0,1,0,0,0,1,0,0,0,2
11023,0,0,1,0,0,0,0,1,0,0,0,0,0,0
11024,0,0,0,0,0,0,0,0,0,0,0,0,0,0
11025,0,0,0,1,0,0,0,0,1,0,0,0,0,0
11026,0,1,2,1,0,0,0,0,0,0,0,0,0,0
11027,0,0,0,0,0,0,0,0,0,1,1,0,1,2
11028,1,0,0,1,1,0,1,0,1,0,0,0,0,0
11029,0,0,0,0,0,0,0,1,0,0,0,0,0,3
11030,0,0,0,0,0,0,0,0,0,0,0,1,0,3
11031,0,1,0,0,0,0,0,0,0,0,3,0,0,1
11032,0,0,2,0,0,0,0,0,2,0,3,0,0,2
11033,0,1,0,0,0,0,0,1,0,0,0,2,0,2
11034,0,0,0,2,0,2,0,0,0,3,1,0,3,3
11035,0,0,0,0,1,0,0,0,0,1,0,2,2,3
11036,0,0,1,0,0,0,0,0,1,2,0,0,0,0
11037,0,0,0,0,0,0,0,0,0,2,0,0,1,0
11038,0,0,0,2,0,1,0,0,2,0,0,1,0,2
11039,3,0,0,0,0,0,0,0,0,0,0,1,0,0
11040,0,0,1,0,0,0,2,0,1,1,0,0,1,0
11041,0,0,0,1,1,0,0,0,0,2,0,0,3,0
11042,0,0,0,1,1,0,0,1,1,0,0,0,0,0
11043,0,0,0,0,1,2,0,1,0,0,1,0,0,0
11044,0,0,0,1,0,1,0,0,1,0,0,0,0,0
11045,0,1,0,0,0,0,0,0,0,0,2,0,0,2
11046,0,0,2,0,1,0,0,0,0,0,0,0,0,0
11047,0,0,0,0,0,0,0,0,0,2,0,0,3,0
11048,0,0,0,0,1,0,0,0,0,0,1,0,2,0
11049,0,0,0,1,0,0,0,0,0,0,2,0,0,0
11050,0,0,0,1,0,0,0,0,0,0,0,0,0,0
11051,0,0,0,0,0,3,0,0,0,0,1,0,0,1
11052,0,0,0,0,1,3,0,1,0,0,0,0,0,0
11053,0,1,0,0,0,0,0,0,0,0,0,0,0,3
11054,0,0,0,0,1,0,0,1,1,0,0,0,0,1
11055,0,0,0,0,0,0,1,0,0,0,2,0,0,0
11056,0,0,0,0,0,0,0,0,0,0,0,0,0,0
11057,0,1,0,3,0,0,0,0,3,1,0,0,1,2
11058,0,0,0,0,0,0,0,0,0,2,0,0,3,2
11059,0,0,2,0,0,1,0,1,1,1,0,0,1,2
11060,0,0,0,1,0,0,1,0,3,0,0,0,0,2
11061,0,0,0,0,1,1,0,0,0,3,1,0,1,2
11062,0,0,0,0,0,1,1,0,0,1,0,0,3,0
11063,0,0,3,0,1,1,0,0,0,0,0,0,0,0
11064,0,0,0,0,0,3,0,0,0,0,0,3,0,1
11065,0,0,0,0,0,0,0,0,0,0,1,0,0,0
11066,0,0,1,0,1,0,0,1,0,1,0,0,0,0
11067,0,0,0,0,0,0,0,0,0,0,2,0,0,0
11068,1,0,0,0,1,3,1,1,1,0,1,0,1,2
11069,0,0,0,0,0,0,0,0,1,2,3,0,3,1
11070,0,0,0,0,0,0,1,1,2,0,0,0,0,0
11071,0,2,0,0,0,0,0,0,0,0,3,0,0,2
11072,0,0,1,0,1,0,0,0,0,2,1,2,2,2
11073,0,0,1,0,0,0,0,0,0,0,0,0,0,0
11074,0,0,0,0,0,0,0,0,0,0,1,1,0,1
11075,3,0,0,0,1,0,1,1,1,1,0,0,1,1
11076,0,0,1,0,0,0,0,1,2,0,0,1,0,0
11077,1,1,1,0,0,0,2,0,1,3,0,1,0,0
11078,0,0,0,0,0,0,0,0,0,0,1,0,0,0
11079,0,0,0,0,0,0,1,1,0,0,0,0,0,0
11080,0,2,1,0,0,1,0,1,1,1,0,0,3,1
11081,0,0,0,0,0,0,0,0,1,2,0,0,0,0
11082,0,0,0,1,1,0,0,0,0,0,1,0,0,2
11083,0,2,0,0,0,1,0,0,2,0,1,0,2,1
11084,0,0,0,3,0,0,0,0,0,0,0,0,0,2
11085,0,0,0,0,0,1,0,0,0,1,1,0,2,1
11086,0,0,0,0,0,0,0,0,0,0,2,0,0,3
11087,0,0,0,1,0,0,0,0,1,3,2,0,3,0
11088,0,1,0,0,0,0,0,1,0,1,0,0,0,0
11089,0,0,0,3,1,3,0,0,0,3,3,0,2,3
11090,0,0,0,1,0,0,0,0,0,0,0,0,0,0
11091,0,0,0,0,1,0,0,0,1,1,1,0,1,2
11092,0,0,2,0,0,0,2,0,0,0,0,0,0,0
11093,0,1,0,0,0,0,0,0,1,1,3,0,1,0
11094,0,0,0,0,0,1,0,0,0,0,0,0,0,0
11095,0,0,0,3,0,0,0,0,0,0,1,0,0,2
11096,0,0,0,0,0,0,0,1,0,0,1,0,0,2
11097,0,0,1,0,0,1,0,1,0,1,0,0,0,0
11098,0,2,0,0,1,0,0,0,0,0,0,0,0,1
11099,0,0,0,0,0,3,0,0,0,3,0,0,2,0
11100,0,0,0,0,0,0,0,1,0,0,0,1,0,1
11101,0,0,0,1,0,0,0,0,0,0,0,0,0,2
11102,0,0,2,0,0,0,0,0,2,1,2,0,3,2
11103,0,0,0,0,1,0,0,0,0,2,0,0,0,0
11104,1,0,0,1,0,0,0,0,0,3,0,1,0,0
11105,0,0,0,0,1,0,3,0,1,0,0,0,0,0
11106,0,1,0,0,0,3,0,0,0,0,0,0,0,0
11107,0,0,0,0,1,0,0,0,0,0,0,0,0,0
11108,0,0,0,0,0,2,0,0,0,0,0,0,0,0
11109,0,0,0,0,0,0,0,0,0,0,0,0,0,0
11110,0,0,0,1,1,0,0,0,0,0,0,0,0,0
11111,0,0,0,0,0,0,0,0,0,0,0,1,0,2
11112,0,0,3,0,0,1,2,1,0,0,0,0,0,0
11113,0,1,0,1,1,0,0,1,0,1,1,0,3,3
11114,0,0,0,0,0,1,0,0,0,0,0,0,0,3
11115,0,0,1,3,0,1,0,0,0,0,0,0,0,0
11116,0,1,0,1,1,1,0,0,0,1,1,0,2,0
11117,1,3,0,3,0,0,0,0,1,0,1,1,0,2
11118,0,0,0,1,1,0,0,1,0,0,0,0,0,2
11119,0,0,0,0,1,0,0,0,0,0,0,0,0,0
11120,3,0,1,0,0,0,0,1,0,1,0,0,0,0
11121,3,0,0,0,0,0,1,0,0,0,0,0,0,0
11122,0,1,0,1,0,1,1,0,1,0,1,0,2,3
11123,0,1,0,0,0,0,0,0,0,1,0,1,1,1
11124,0,2,0,2,1,0,0,1,0,2,1,0,1,1
11125,0,0,0,0,0,2,0,1,0,0,0,0,0,0
11126,0,0,0,0,1,0,0,0,0,0,0,0,0,0
11127,0,0,0,0,1,3,0,1,0,1,2,0,3,2
11128,0,0,0,0,1,1,0,0,1,0,0,0,0,0
11129,0,1,0,0,0,3,0,1,0,1,1,0,3,2
11130,0,0,1,0,0,0,0,0,0,0,3,0,0,2
11131,0,0,0,0,0,0,1,0,0,0,0,0,0,0
11132,1,0,0,1,1,0,0,0,0,0,1,0,2,1
11133,0,1,0,0,0,0,0,0,0,1,0,0,2,0
11134,0,0,0,1,1,0,1,1,0,0,0,0,0,0
11135,0,1,0,1,0,0,0,0,0,0,3,2,0,2
11136,0,0,1,0,0,0,0,0,0,0,0,0,0,0
11137,0,0,0,0,0,1,1,0,0,0,0,0,0,0
11138,0,2,2,0,1,0,0,1,0,0,1,1,1,2
11139,0,0,1,0,0,0,0,0,0,0,3,0,0,0
11140,0,0,0,1,0,1,0,0,0,1,0,1,2,3
11141,0,3,0,0,0,0,0,1,1,0,1,0,0,0
11142,0,2,0,0,0,0,0,0,2,3,0,0,3,3
11143,2,0,0,2,0,0,0,0,0,0,0,0,0,0
11144,0,0,3,0,0,1,0,0,0,0,2,0,0,2
11145,0,0,1,1,1,2,0,0,0,0,0,0,0,0
11146,0,0,0,2,0,1,1,0,1,0,0,0,0,0
11147,0,0,0,1,0,0,0,0,0,1,0,0,3,2
11148,0,0,0,0,0,0,0,1,0,0,0,0,0,0
11149,0,0,0,1,1,1,0,0,0,0,0,0,0,0
11150,0,0,0,1,0,1,0,0,1,0,0,0,0,0
11151,0,0,0,0,0,0,0,0,0,1,2,0,3,0
11152,0,0,0,1,0,1,0,0,2,0,0,0,0,0
11153,0,0,1,0,1,0,1,1,2,0,1,0,0,0
11154,0,0,0,1,1,0,1,0,1,0,3,0,0,0
11155,1,0,0,0,1,1,0,0,3,1,2,1,1,2
11156,0,0,0,0,0,0,0,1,0,0,0,0,0,0
11157,0,0,0,3,0,1,0,0,0,0,0,0,0,0
11158,0,0,1,0,1,1,1,0,0,0,1,0,0,2
11159,1,0,0,0,0,1,0,0,2,3,0,0,0,0
11160,0,0,0,3,0,1,0,1,0,0,0,0,0,0
11161,0,1,0,1,0,0,0,1,0,0,3,0,0,0
11162,0,0,0,3,0,3,0,0,0,1,0,0,0,0
11163,0,0,0,0,1,0,0,0,0,0,0,0,0,2
11164,0,1,1,0,0,0,0,0,0,0,1,0,0,2
11165,1,0,0,1,0,0,0,0,2,3,0,0,3,0
11166,1,0,3,0,1,1,0,0,0,3,0,1,1,3
11167,0,0,0,1,1,0,1,0,1,0,1,0,0,0
11168,2,1,0,1,0,0,0,0,0,0,0,0,0,0
11169,1,0,0,0,0,0,0,0,0,0,0,0,0,0
11170,0,0,0,3,0,0,0,0,0,0,0,0,0,0
11171,0,0,1,1,0,0,0,1,3,0,0,0,0,2
11172,0,0,3,0,0,1,0,1,0,0,0,0,0,0
11173,0,0,2,0,1,0,0,1,0,1,0,0,2,1
11174,0,0,0,0,0,0,1,1,0,0,0,0,0,0
11175,0,0,0,0,0,0,0,0,1,0,0,0,0,0
11176,2,0,0,0,1,1,0,1,0,0,3,0,0,0
11177,0,0,0,0,1,0,3,0,0,0,2,0,0,2
11178,0,2,0,1,0,1,1,0,0,0,0,0,0,0
11179,1,0,0,0,0,0,0,0,0,0,2,0,0,0
11180,0,1,0,3,0,1,1,0,3,0,1,0,0,1
11181,0,1,0,0,0,1,0,0,1,0,0,0,0,0
11182,0,0,1,1,0,1,0,0,0,0,0,0,0,0
11183,0,1,0,0,1,0,0,0,1,0,1,0,0,2
11184,0,0,3,0,0,2,1,0,1,1,3,0,3,1
11185,0,2,0,1,1,1,0,0,0,2,2,0,3,2
11186,1,0,1,1,1,0,2,0,1,0,0,0,0,0
11187,0,0,1,0,0,0,0,1,1,0,0,0,0,3
11188,0,0,0,0,0,0,0,0,0,1,0,0,2,1
11189,0,3,0,0,1,0,0,1,0,0,1,0,0,2
11190,0,0,0,0,1,0,3,1,0,1,0,0,0,0
11191,0,0,0,1,0,0,1,0,3,3,0,0,1,0
11192,0,1,0,0,0,1,0,0,0,0,1,0,0,1
11193,0,0,3,0,0,0,0,0,0,0,0,0,0,0
11194,1,1,0,0,0,0,1,1,0,0,0,0,0,0
11195,0,0,0,0,0,0,0,0,0,1,0,0,2,2
11196,0,0,0,1,0,0,0,0,3,0,0,0,0,0
11197,0,0,0,0,0,0,0,0,1,0,0,0,0,0
11198,0,2,0,1,1,1,1,0,1,0,0,0,0,0
11199,0,1,0,0,0,1,0,0,1,0,0,0,0,0
11200,0,0,0,0,0,0,0,1,0,0,0,0,0,0
11201,1,0,0,0,0,1,0,1,0,0,0,0,0,0
11202,0,1,0,0,1,2,2,0,0,2,0,0,1,0
11203,0,0,0,1,1,1,0,1,3,0,0,0,0,2
11204,0,0,0,0,0,1,0,1,0,0,0,0,0,0
11205,0,0,0,2,1,0,0,0,1,1,0,0,0,0
11206,0,0,0,0,1,1,0,0,0,0,1,0,0,0
11207,0,0,0,0,0,0,0,0,2,2,1,0,3,0
11208,0,1,0,0,0,1,0,0,0,0,0,0,0,2
11209,0,0,0,0,0,0,0,1,0,1,0,0,2,3
11210,0,0,0,0,1,0,0,1,0,0,0,0,0,0
11211,0,0,0,0,0,0,1,1,1,0,0,0,0,2
11212,0,2,0,1,0,1,1,0,0,3,1,0,2,0
11213,0,0,0,0,0,0,0,0,1,0,1,0,1,3
11214,0,0,0,0,0,0,0,0,0,0,0,0,0,0
11215,0,0,0,0,0,0,0,1,0,0,0,3,0,0
11216,2,1,0,1,0,0,0,0,0,0,0,0,0,0
11217,0,1,0,1,0,0,1,1,0,0,0,0,0,0
11218,1,0,1,0,0,0,0,0,2,0,1,0,1,3
11219,0,1,0,0,0,0,2,1,1,0,0,0,0,0
11220,0,0,1,0,1,0,0,0,0,0,0,0,0,0
11221,0,0,0,0,0,2,0,0,0,2,2,0,3,2
11222,0,0,0,1,0,1,0,0,3,1,0,0,2,0
11223,0,0,0,0,0,0,0,0,0,3,0,0,2,0
11224,0,0,1,1,0,2,0,1,0,1,1,0,3,0
11225,0,0,0,2,1,0,0,1,1,0,0,0,0,0
11226,0,0,0,0,1,1,0,0,0,3,0,3,0,1
11227,2,0,1,0,0,0,0,0,1,2,0,0,2,0
11228,0,2,0,1,0,2,1,1,0,0,2,0,0,3
11229,0,0,0,1,1,0,0,1,1,0,0,0,0,0
11230,0,0,0,0,0,0,0,0,0,0,0,0,0,0
11231,0,0,2,0,0,0,0,1,0,0,3,0,0,3
11232,3,0,0,0,0,0,0,1,2,0,0,0,0,0
11233,0,0,0,3,0,0,1,1,0,0,0,0,0,2
11234,0,1,0,1,0,0,0,0,0,1,0,0,3,0
11235,0,0,0,1,0,0,0,0,0,1,1,3,2,3
11236,0,0,0,3,0,0,0,0,0,0,1,0,0,3
11237,0,0,0,1,0,0,0,0,0,0,1,0,0,2
11238,0,0,0,0,0,0,0,1,0,0,1,1,0,2
11239,1,1,0,0,0,0,0,0,3,0,0,0,0,2
11240,0,0,0,0,0,0,0,0,2,1,0,0,2,2
11241,0,0,0,1,0,0,1,0,0,1,0,0,1,0
11242,1,2,1,0,1,0,2,0,1,0,0,0,0,0
11243,0,0,0,0,0,0,2,0,2,0,0,0,0,1
11244,1,1,0,0,0,0,0,0,0,3,3,0,3,2
11245,0,0,0,0,0,1,0,0,0,0,1,0,0,3
11246,0,0,0,0,0,0,0,0,0,0,0,0,0,2
11247,1,3,0,0,0,0,0,0,0,0,0,0,0,3
11248,0,1,0,1,0,0,0,0,0,2,1,0,3,1
11249,0,0,0,0,1,0,0,0,1,1,2,0,3,1
11250,0,1,0,0,1,0,0,1,1,0,0,0,0,0
11251,2,3,0,0,0,0,0,0,0,2,0,0,3,0
11252,1,0,0,0,0,0,0,1,0,1,0,0,1,2
11253,0,0,0,0,0,0,0,0,1,0,3,0,1,2
11254,0,1,0,0,0,1,0,1,1,1,0,0,2,0
11255,0,0,0,0,0,0,0,1,0,2,0,0,2,0
11256,0,0,0,0,0,0,1,1,0,2,0,0,2,2
11257,0,0,0,0,0,1,0,0,0,0,0,1,0,2
11258,0,0,0,0,0,0,0,1,0,0,2,0,1,1
11259,0,0,1,0,1,1,0,1,1,0,3,0,0,3
11260,0,0,0,0,0,0,0,0,0,0,1,0,0,0
11261,0,0,0,0,0,0,0,1,0,0,0,0,0,0
11262,0,0,0,2,0,0,1,1,1,1,0,0,0,0
11263,0,2,0,0,0,0,0,1,0,0,0,0,0,0
11264,0,0,0,2,0,0,3,0,0,0,0,3,0,3
11265,0,0,2,0,0,0,0,0,0,1,0,0,3,0
11266,0,0,0,0,1,1,0,1,0,0,1,0,0,1
11267,0,1,1,1,1,0,1,0,0,0,1,3,0,2
11268,0,0,0,0,1,0,3,0,0,0,0,0,0,0
11269,1,1,1,0,0,1,0,0,0,2,1,0,2,1
11270,0,0,0,1,1,0,0,0,0,1,2,0,1,1
11271,0,3,0,0,0,0,0,0,0,0,0,0,0,1
11272,0,2,0,0,1,2,0,1,2,3,0,0,2,0
11273,0,1,0,0,0,0,0,0,0,0,0,0,0,0
11274,0,0,0,0,0,0,0,0,0,0,2,0,0,0
11275,2,1,0,0,1,1,0,0,0,0,1,0,0,1
11276,0,0,0,1,0,0,0,1,0,1,0,1,3,2
11277,0,1,0,1,0,0,0,0,0,3,2,0,1,2
11278,0,2,0,3,0,2,2,0,1,0,1,0,1,2
11279,1,0,0,0,0,0,0,1,1,2,0,0,0,0
11280,0,1,0,0,1,0,0,0,1,0,1,0,2,1
11281,0,2,0,0,0,0,0,0,0,0,1,3,0,2
11282,0,0,3,1,0,0,2,0,0,0,3,1,0,2
11283,0,1,1,1,1,0,1,0,1,1,1,2,3,3
11284,0,0,0,1,0,0,0,0,0,1,0,0,0,1
11285,0,0,0,0,0,0,0,0,0,0,2,0,1,2
11286,0,0,0,1,1,2,0,0,0,0,0,0,0,0
11287,0,0,0,0,0,0,0,0,0,3,0,0,3,0
11288,1,0,0,0,1,0,0,0,0,1,0,0,0,0
11289,0,0,0,0,0,1,0,0,0,0,0,0,0,3
11290,0,0,0,1,0,2,1,0,0,1,0,0,0,0
11291,0,0,1,0,0,0,1,0,0,1,1,0,1,3
11292,0,0,0,0,0,0,0,0,0,0,0,0,0,0
11293,0,0,0,0,0,0,2,0,1,0,0,0,0,0
11294,2,3,0,0,0,1,0,0,0,0,1,0,0,2
11295,0,0,0,3,1,0,0,0,1,0,0,0,0,0
11296,0,1,1,1,0,0,0,0,0,0,0,0,0,0
11297,0,0,0,2,0,0,2,1,1,0,0,0,0,0
11298,0,0,0,0,0,0,0,0,0,0,0,0,0,0
11299,0,2,0,0,1,0,1,1,0,0,0,0,0,2
11300,0,2,1,0,0,0,0,0,1,0,0,0,0,0
11301,0,0,0,0,0,0,1,0,0,0,0,0,0,0
11302,0,1,0,0,0,0,0,0,0,2,0,0,2,0
11303,0,0,0,2,0,2,0,0,0,0,1,0,0,3
11304,0,2,0,0,0,1,0,0,0,0,0,0,0,0
11305,0,0,0,0,1,0,0,0,2,3,0,0,1,1
11306,0,1,0,2,0,1,0,1,0,0,1,1,0,2
11307,0,0,1,0,0,0,0,0,0,2,0,0,1,2
11308,0,0,0,0,0,0,1,0,0,1,1,0,2,2
11309,0,0,1,0,0,0,3,0,0,0,0,0,0,2
11310,0,0,1,0,0,1,1,1,0,2,0,0,1,2
11311,0,0,0,1,1,0,0,1,0,1,0,0,0,0
11312,0,0,0,1,1,0,0,0,0,3,1,0,2,0
11313,0,0,0,0,0,0,2,0,1,1,0,0,2,0
11314,0,0,1,0,0,0,0,0,0,0,0,0,0,1
11315,0,0,2,0,1,0,0,0,0,0,0,0,0,0
11316,0,0,0,0,1,0,0,1,1,1,2,0,3,2
11317,0,2,0,0,0,1,1,1,2,1,1,0,2,2
11318,0,1,0,0,0,2,0,0,1,0,0,0,0,0
11319,0,0,0,0,1,0,0,1,0,0,1,0,0,1
11320,0,0,0,0,0,1,1,0,0,0,1,0,1,2
11321,0,0,0,1,0,2,2,0,1,0,1,0,1,2
11322,0,0,0,2,0,1,0,0,1,0,1,1,0,3
11323,1,0,0,1,0,0,0,0,0,1,0,0,0,2
11324,0,0,0,0,0,0,0,0,0,3,0,0,0,0
11325,0,1,0,0,0,2,0,1,0,2,1,0,2,0
11326,0,0,0,0,0,1,0,0,0,3,0,0,2,0
11327,0,0,0,0,0,1,0,1,1,1,0,0,0,0
11328,0,1,1,1,1,0,0,0,1,3,0,0,1,0
11329,3,3,0,0,0,0,3,0,1,0,0,1,0,2
11330,1,3,1,0,1,0,0,0,0,0,0,1,0,0
11331,3,0,0,0,0,1,0,0,0,1,0,0,2,0
11332,1,0,0,1,0,0,0,0,1,1,0,0,0,0
11333,0,2,2,0,1,0,0,0,0,0,0,0,0,0
11334,0,2,0,2,0,0,3,1,0,1,1,0,2,2
11335,0,0,0,0,1,0,0,0,0,0,3,0,0,1
11336,0,1,0,0,0,1,0,1,0,2,0,0,0,0
11337,0,0,0,0,1,0,0,0,0,0,1,0,1,2
11338,0,0,0,0,0,0,0,0,0,0,1,0,1,2
11339,0,2,2,0,1,0,0,0,1,0,0,0,0,3
11340,2,0,0,0,0,0,2,0,0,0,0,0,0,0
11341,1,2,0,0,0,0,0,1,1,1,1,0,3,2
11342,0,0,0,0,1,0,0,0,0,0,0,0,0,0
11343,0,1,0,0,0,0,0,0,0,0,0,0,0,3
11344,0,0,0,0,0,0,0,0,1,1,3,2,3,1
11345,0,0,1,0,1,0,0,1,0,0,1,0,0,2
11346,0,0,0,2,0,0,0,0,0,0,0,0,0,0
11347,0,0,0,0,0,0,0,0,0,0,0,0,0,0
11348,0,0,2,1,0,0,0,1,0,0,1,1,0,1
11349,0,0,0,1,0,1,0,1,0,0,1,0,0,2
11350,0,0,0,1,0,0,0,0,0,3,0,0,0,0
11351,0,0,0,0,1,0,0,0,0,0,0,0,0,0
11352,3,0,0,1,0,0,0,0,0,1,0,0,2,3
11353,0,0,2,2,1,1,0,0,0,1,1,0,3,2
11354,0,0,0,0,0,0,0,0,0,0,0,0,0,0
11355,3,0,1,0,1,0,0,1,0,0,3,0,0,0
11356,0,0,3,0,0,0,0,0,0,1,0,1,1,2
11357,1,0,0,0,1,3,0,1,0,0,0,0,0,0
11358,0,0,2,1,0,0,0,1,0,0,0,0,0,0
11359,0,0,0,0,1,0,0,0,1,0,0,0,0,0
11360,0,2,0,2,1,3,0,1,0,0,1,1,0,2
11361,0,0,0,0,0,1,0,1,3,2,0,0,0,0
11362,0,0,0,1,0,0,0,0,0,0,0,0,0,0
11363,0,0,2,1,0,0,0,0,0,1,0,0,3,0
11364,0,1,0,3,1,0,0,0,0,1,1,0,3,0
11365,0,0,2,0,0,0,2,1,0,0,0,0,0,0
11366,0,1,0,1,0,0,0,0,0,0,2,0,0,1
11367,0,0,0,1,1,0,0,0,0,1,0,0,2,0
11368,0,0,0,0,0,0,0,0,0,2,3,0,1,0
11369,1,0,3,1,0,0,2,0,0,0,0,0,0,0
11370,0,0,0,0,0,0,1,0,0,0,0,0,0,0
11371,0,0,0,0,0,0,0,0,1,0,1,0,0,2
11372,1,0,0,0,1,0,3,1,0,3,2,0,1,2
11373,0,0,0,3,0,0,1,0,0,1,0,0,0,3
11374,0,0,0,0,0,0,0,0,0,0,1,0,2,1
11375,0,0,1,0,0,1,0,1,0,3,0,0,1,0
11376,0,0,0,0,1,0,0,0,2,0,1,0,1,1
11377,0,0,0,0,0,0,1,0,0,1,0,0,0,0
11378,0,0,0,0,1,0,0,1,0,0,2,0,3,2
11379,0,0,0,0,1,0,1,0,2,0,1,0,0,2
11380,0,1,0,0,0,0,0,0,0,3,0,0,1,0
11381,0,0,1,1,0,0,0,1,0,0,0,0,0,1
11382,0,1,0,1,0,1,1,0,0,0,0,0,0,0
11383,0,0,0,0,0,0,1,1,1,2,1,0,2,0
11384,0,0,0,1,1,0,1,1,0,0,0,0,0,0
11385,0,0,0,3,1,0,2,0,0,3,1,0,3,1
11386,0,1,0,1,1,0,0,0,3,0,0,0,0,0
11387,0,1,0,0,0,0,2,0,0,0,3,1,0,3
11388,0,0,0,0,0,3,0,0,1,0,2,0,3,2
11389,0,0,0,0,1,1,0,0,0,0,0,0,0,1
11390,0,0,0,0,0,0,1,1,0,1,2,0,1,1
11391,0,2,0,0,0,0,0,0,0,0,0,0,0,0
11392,0,1,0,0,0,0,2,1,3,0,1,0,0,2
11393,0,1,0,0,1,0,0,0,0,1,0,0,0,0
11394,0,0,1,0,0,0,0,0,0,1,0,0,0,0
11395,0,0,0,0,1,0,0,1,1,0,1,0,3,2
11396,0,1,0,0,1,2,0,0,1,1,0,0,0,0
11397,0,0,1,0,0,0,0,0,0,3,1,0,1,0
11398,0,1,0,1,0,0,0,0,0,0,0,0,0,0
11399,0,1,0,0,0,3,0,0,3,0,0,0,0,2
11400,0,0,0,0,0,0,0,1,0,2,0,0,0,1
11401,0,0,0,0,0,0,1,0,0,1,0,0,1,0
11402,0,0,3,0,0,0,0,1,0,0,0,2,0,2
11403,0,0,3,2,0,0,0,0,0,0,0,0,0,2
11404,0,1,2,0,0,0,0,0,0,1,0,0,3,3
11405,0,0,0,0,0,0,0,1,0,1,1,0,3,0
11406,0,0,0,0,1,0,0,0,1,1,0,0,0,0
11407,1,0,0,1,1,3,1,0,0,0,0,0,0,0
11408,0,0,0,0,0,0,0,0,0,0,0,2,0,3
11409,1,0,0,0,1,0,1,0,0,0,0,0,0,0
11410,0,0,0,0,0,2,1,0,2,0,1,0,0,2
11411,0,1,0,0,0,2,1,0,0,0,0,0,0,0
11412,0,0,1,1,0,0,0,1,0,0,1,0,1,1
11413,0,0,0,0,0,3,0,0,0,0,0,0,0,0
11414,1,0,0,2,0,0,0,0,0,3,0,0,0,0
11415,0,1,0,0,0,0,0,1,2,2,2,1,2,1
11416,1,0,0,0,0,0,0,0,0,0,0,0,0,0
11417,1,0,0,0,0,0,0,1,1,3,0,0,0,0
11418,0,0,1,0,1,0,0,1,1,0,3,1,0,2
11419,0,0,0,0,1,0,0,0,0,0,0,0,0,2
11420,0,0,0,0,1,0,0,1,1,0,0,0,0,0
11421,0,0,1,1,0,0,1,1,0,0,0,0,0,2
11422,0,0,2,0,0,0,0,1,1,0,0,0,0,2
11423,0,2,0,0,0,0,0,1,0,0,0,0,0,0
11424,0,0,2,0,0,1,0,0,0,1,0,0,3,0
11425,0,0,0,3,0,0,0,0,0,1,0,0,0,0
11426,0,1,0,1,0,1,1,0,0,0,1,0,0,1
11427,0,1,0,0,1,0,0,0,1,1,1,0,1,0
11428,0,0,0,0,0,0,0,1,1,0,3,0,0,3
11429,1,0,3,0,0,0,0,1,0,0,0,0,0,1
11430,0,0,0,1,0,0,2,1,0,0,0,1,0,2
11431,0,0,1,1,0,0,1,1,0,0,1,0,3,2
11432,1,1,0,0,1,0,1,0,0,0,0,0,0,0
11433,1,0,0,1,0,0,2,1,0,1,0,0,0,0
11434,0,1,1,1,1,1,0,1,3,0,0,0,0,0
11435,1,0,0,0,0,3,0,0,0,1,2,0,2,0
11436,1,0,0,0,0,0,0,0,0,2,3,1,1,1
11437,0,1,0,1,0,0,0,0,1,0,0,0,0,0
11438,2,0,0,2,0,0,0,1,0,0,0,0,0,0
11439,0,0,0,0,0,3,1,1,0,0,0,0,0,2
11440,0,2,1,0,1,0,0,0,0,0,1,2,0,3
11441,2,0,0,1,0,0,1,1,0,0,2,0,0,3
11442,0,0,0,0,1,3,0,0,0,1,0,1,3,2
11443,0,0,1,0,1,2,0,0,0,0,0,0,0,0
11444,0,1,0,0,0,0,0,0,0,1,2,0,2,3
11445,0,0,0,1,0,1,0,0,1,1,0,0,3,1
11446,0,1,0,3,0,0,0,0,0,2,0,1,3,1
11447,0,1,0,0,1,0,3,0,1,2,0,0,1,0
11448,0,0,0,0,0,0,0,0,0,1,0,0,0,0
11449,2,1,2,0,1,2,0,0,3,0,0,0,0,0
11450,0,0,0,0,1,0,0,1,1,3,0,0,0,0
11451,0,0,0,0,0,0,0,0,0,0,0,0,0,0
11452,0,1,0,0,0,0,0,0,0,1,0,0,3,0
11453,0,1,0,0,0,0,0,1,0,3,0,0,0,0
11454,0,0,0,0,1,0,0,0,0,0,1,0,0,2
11455,0,0,0,0,0,0,0,0,1,0,1,0,0,2
11456,0,0,0,0,1,0,2,1,0,0,1,0,0,1
11457,0,0,0,0,0,0,0,1,0,1,0,0,0,0
11458,0,3,0,0,0,0,0,0,1,0,0,1,0,1
11459,3,0,0,1,0,0,3,0,2,0,0,0,0,0
11460,0,0,0,1,0,0,0,0,0,1,0,0,0,0
11461,0,1,0,1,0,1,0,0,0,0,0,0,0,0
11462,0,0,0,1,1,0,0,1,1,0,1,0,0,2
11463,0,1,0,3,0,0,0,1,0,0,0,0,0,0
11464,0,0,0,2,0,3,0,1,0,1,1,0,1,3
11465,0,1,0,0,0,0,0,1,0,0,0,0,0,0
11466,1,1,0,0,1,0,2,0,0,1,0,1,0,1
11467,0,3,0,0,1,0,0,0,1,0,0,0,0,2
11468,2,0,1,1,0,2,0,0,2,2,0,0,0,0
11469,0,0,0,0,0,2,0,1,0,0,0,0,0,0
11470,0,0,3,1,0,0,0,0,1,0,1,0,0,0
11471,0,2,0,0,1,3,0,0,0,0,0,1,0,2
11472,0,0,0,1,0,0,0,0,0,0,0,0,0,0
11473,0,0,0,0,0,0,0,1,0,0,1,0,0,1
11474,0,0,0,1,0,0,0,0,0,1,0,2,0,3
11475,0,2,0,0,1,0,0,0,0,0,0,0,0,0
11476,0,1,0,0,0,0,0,1,0,0,0,0,0,0
11477,0,1,0,0,0,0,0,0,0,2,1,0,2,2
11478,1,1,0,0,0,0,0,1,3,0,0,0,0,2
11479,0,0,0,0,0,0,0,0,0,0,1,0,2,2
11480,0,0,3,3,0,2,0,0,0,1,0,0,3,0
11481,0,0,0,0,0,0,0,1,1,0,1,2,0,2
11482,0,0,0,0,0,0,0,0,3,0,2,0,3,2
11483,0,1,0,0,1,0,1,1,2,0,1,0,0,2
11484,0,0,1,0,0,0,0,0,0,0,0,0,0,0
11485,0,0,0,0,1,0,0,0,0,0,0,0,0,2
11486,0,0,0,0,1,1,0,1,0,0,0,1,0,3
11487,0,0,0,0,0,0,0,1,0,0,0,0,0,0
11488,0,1,0,1,1,0,0,0,0,0,0,0,0,0
11489,1,0,0,1,1,3,0,0,1,0,0,0,0,0
11490,0,0,0,0,0,0,0,0,0,0,0,0,0,0
11491,2,0,2,0,0,1,0,0,3,3,0,0,2,0
11492,0,0,0,1,0,0,0,1,1,0,1,0,0,2
11493,1,0,0,0,0,0,1,0,0,2,0,0,2,0
11494,0,0,0,0,0,1,0,0,0,0,2,0,0,3
11495,0,0,0,0,0,0,0,0,1,1,0,0,3,0
11496,0,0,0,0,0,1,2,0,0,0,2,1,0,2
11497,2,0,1,0,1,1,0,0,0,0,0,0,0,0
11498,0,0,0,1,0,0,2,0,0,1,0,0,0,0
11499,0,0,0,1,1,0,0,0,0,2,1,0,2,2
11500,0,0,1,0,0,1,0,1,1,0,0,0,0,0
