Emp_ID,Gender,Prev_Exp,Event_Participation,Age_Joining ,Depart,Last_Position,Active,RATE-L-2,RATE-L-1,RATE-L
10016697,FEMALE,5,1,38,PROC,L3,No,20,38,32
10026152,MALE,5,1,38,OPR,L5,No,22,19,24
10029652,MALE,3,1,30,FIN,L3,No,35,28,40
10036344,FEMALE,7,1,42,RD,L5,Yes,23,31,41
10037656,MALE,9,1,45,FIN,L5,Yes,24,26,37
10051614,MALE,9,1,45,RD,L3,No,32,41,25
10061807,MALE,4,1,33,FIN,L2,No,23,22,24
10077414,MALE,4,1,34,PROC,L5,Yes,23,24,34
10077776,FEMALE,4,1,33,PROC,L5,Yes,26,29,53
10090831,FEMALE,5,1,37,FIN,L5,No,32,36,30
10093095,FEMALE,5,1,38,PROC,L3,No,31,39,26
10095050,MALE,4,1,36,OPR,L4,No,42,44,28
10109355,MALE,3,1,30,MKT,L3,No,33,36,44
10110584,MALE,4,1,34,MKT,L3,No,22,20,29
10119601,FEMALE,4,1,33,FIN,L3,No,22,26,42
10129144,MALE,4,1,32,PROC,L5,No,25,33,21
10130163,FEMALE,5,1,38,PROC,L4,No,32,43,30
10138127,FEMALE,3,1,31,OPR,L4,No,45,21,38
10142984,FEMALE,7,1,40,OPR,L3,No,34,21,20
10144417,MALE,4,1,33,OPR,L2,No,34,24,21
10146952,FEMALE,3,1,31,HR,L5,No,21,36,22
10153554,MALE,4,1,34,RD,L3,No,25,43,35
10154312,MALE,3,1,31,OPR,L5,Yes,24,28,31
10194693,FEMALE,4,1,33,FIN,L4,No,33,30,31
10200014,FEMALE,4,1,33,HR,L5,Yes,22,24,38
10201168,MALE,9,1,43,FIN,L2,No,37,29,44
10201550,FEMALE,4,1,36,MKT,L5,Yes,30,34,41
10202349,FEMALE,7,1,39,RD,L5,Yes,41,28,21
10207661,FEMALE,9,1,44,PROC,L2,No,20,28,38
10209197,MALE,5,1,38,OPR,L4,No,39,35,42
10212996,MALE,3,1,30,OPR,L5,Yes,39,22,41
10218182,MALE,9,1,43,MKT,L5,Yes,43,24,22
10220576,MALE,7,1,42,OPR,L5,Yes,25,28,41
10236713,FEMALE,7,1,41,MKT,L5,Yes,39,41,26
10237943,FEMALE,9,1,44,OPR,L3,No,41,27,31
10238217,MALE,5,1,37,MKT,L5,Yes,42,43,39
10240929,FEMALE,3,1,31,MKT,L5,Yes,20,39,32
10249177,MALE,9,1,45,MKT,L3,No,25,37,30
10249982,FEMALE,4,1,33,FIN,L5,Yes,30,40,25
10259792,FEMALE,5,1,38,FIN,L5,Yes,28,34,38
10262711,MALE,9,1,43,OPR,L3,No,39,40,31
10274064,FEMALE,4,1,32,PROC,L5,Yes,24,24,37
10278645,MALE,4,1,33,RD,L2,No,27,21,28
10279711,FEMALE,7,1,41,FIN,L2,No,35,24,22
10284201,FEMALE,7,1,39,OPR,L4,Yes,22,41,39
10285318,FEMALE,4,1,34,OPR,L4,Yes,29,33,43
10286319,FEMALE,7,1,40,PROC,L4,Yes,25,20,42
10289791,FEMALE,9,1,44,PROC,L3,No,34,38,44
10290478,MALE,7,1,40,MKT,L4,Yes,17,32,23
10292182,FEMALE,4,1,32,RD,L2,No,23,45,41
10295958,FEMALE,5,1,38,OPR,L4,Yes,19,20,29
10297286,FEMALE,5,1,37,OPR,L4,Yes,27,31,35
10305240,MALE,9,1,44,RD,L4,Yes,26,33,35
10305452,FEMALE,4,1,34,PROC,L4,Yes,25,43,20
10306708,FEMALE,9,1,43,OPR,L4,Yes,25,31,40
10308585,FEMALE,7,1,41,FIN,L4,Yes,30,33,41
10312429,MALE,7,1,42,PROC,L4,Yes,24,28,37
10312640,MALE,9,1,44,FIN,L2,No,28,35,27
10313974,MALE,4,1,34,OPR,L4,Yes,21,33,39
10318304,MALE,3,1,30,PROC,L4,Yes,21,37,23
10319555,MALE,4,1,33,PROC,L2,No,22,32,35
10322189,MALE,4,1,35,OPR,L4,Yes,19,30,44
10323757,FEMALE,3,1,30,HR,L4,Yes,25,27,37
10325446,MALE,9,1,43,FIN,L4,Yes,31,36,30
10326435,FEMALE,5,1,37,OPR,L3,Yes,32,34,25
10326935,MALE,4,1,36,PROC,L3,Yes,17,23,33
10329772,MALE,9,1,44,FIN,L3,Yes,20,22,41
10329897,FEMALE,5,1,37,FIN,L3,Yes,21,28,28
10332693,MALE,4,1,36,PROC,L3,Yes,20,23,30
10340548,FEMALE,5,1,37,PROC,L3,Yes,22,25,42
10342045,MALE,7,1,40,FIN,L2,No,11,22,31
10342800,MALE,7,1,42,OPR,L3,Yes,17,22,22
10343695,MALE,7,1,39,MKT,L3,Yes,18,24,41
10343965,MALE,4,1,35,FIN,L2,No,18,27,29
10345769,FEMALE,3,1,31,PROC,L3,Yes,14,28,44
10347995,MALE,7,1,40,OPR,L3,Yes,15,22,27
10348289,FEMALE,4,1,34,RD,L3,Yes,19,20,27
10349866,MALE,5,1,37,RD,L3,Yes,14,23,31
10350281,FEMALE,7,1,39,RD,L3,Yes,18,27,42
10351234,MALE,7,1,42,MKT,L3,Yes,17,23,38
10351881,FEMALE,4,1,33,OPR,L3,Yes,29,37,39
10352605,FEMALE,7,1,41,OPR,L3,Yes,17,19,33
10353997,MALE,3,1,30,FIN,L3,Yes,26,23,45
10356156,FEMALE,7,1,40,MKT,L2,No,20,26,36
10356469,MALE,5,1,37,MKT,L3,Yes,26,26,33
10362414,FEMALE,5,1,37,MKT,L3,Yes,11,13,39
10363074,FEMALE,9,1,43,PROC,L2,No,27,31,24
10365590,FEMALE,5,1,38,FIN,L2,No,16,23,23
10365659,MALE,4,1,36,RD,L3,Yes,21,25,38
10367629,FEMALE,7,1,40,MKT,L3,Yes,15,15,33
10368040,MALE,4,1,33,OPR,L3,Yes,13,31,30
10369051,MALE,7,1,40,FIN,L3,Yes,18,23,30
10375293,MALE,3,1,31,FIN,L2,Yes,59,33,36
10376864,FEMALE,9,1,43,MKT,L2,Yes,31,23,27
10377293,MALE,7,1,39,MKT,L2,Yes,46,29,30
10381270,MALE,4,1,33,OPR,L2,Yes,15,17,22
10383146,MALE,4,1,32,MKT,L2,Yes,25,16,15
10386086,MALE,4,1,36,PROC,L2,Yes,53,33,26
10386280,MALE,7,1,42,OPR,L2,Yes,22,17,25
10389136,FEMALE,9,1,45,HR,L2,Yes,32,29,31
10390483,MALE,5,1,37,OPR,L2,Yes,38,25,29
10391618,MALE,3,1,31,RD,L2,Yes,31,22,25
10391744,FEMALE,9,1,44,OPR,L2,Yes,50,29,24
10392260,FEMALE,9,1,43,MKT,L2,Yes,33,26,26
10392740,MALE,4,1,36,MKT,L2,Yes,46,34,31
10396500,FEMALE,3,1,30,HR,L2,Yes,38,22,28
10398201,FEMALE,7,1,40,MKT,L2,Yes,27,21,25
10402666,MALE,7,1,39,OPR,L2,Yes,36,23,29
10405058,MALE,9,1,43,OPR,L2,Yes,35,24,24
10405895,FEMALE,4,1,36,FIN,L2,Yes,21,16,25
10407072,MALE,4,1,32,RD,L2,Yes,22,23,27
10408508,FEMALE,7,1,39,FIN,L2,Yes,33,21,21
10409509,FEMALE,7,1,41,MKT,L2,Yes,37,23,30
10409777,MALE,4,1,36,OPR,L2,Yes,32,25,25
10416015,FEMALE,7,1,39,PROC,L2,Yes,26,18,24
10418981,MALE,3,1,30,RD,L2,Yes,36,29,31
10419148,MALE,7,1,41,PROC,L2,Yes,31,23,25
10419819,MALE,5,1,37,FIN,L2,Yes,36,30,27
10426391,MALE,5,1,37,PROC,L2,Yes,32,26,29
10427287,FEMALE,4,1,32,FIN,L2,Yes,20,18,21
10431074,FEMALE,4,1,34,MKT,L2,Yes,24,21,26
10432700,MALE,5,1,38,MKT,L2,Yes,26,19,21
10432788,MALE,7,1,40,RD,L2,Yes,33,22,25
10432824,FEMALE,7,1,40,MKT,L2,Yes,21,17,17
10433301,MALE,5,1,37,MKT,L2,Yes,46,30,31
10434208,FEMALE,7,1,41,MKT,L2,Yes,61,33,28
10434581,MALE,7,1,39,FIN,L2,Yes,38,28,30
10434821,MALE,5,1,37,MKT,L2,Yes,33,28,31
10001096,FEMALE,4,2,34,MKT,L3,No,34,43,30
10010334,MALE,4,2,35,PROC,L3,No,31,26,38
10010804,FEMALE,4,2,34,HR,L3,No,35,32,45
10011429,MALE,7,2,42,FIN,L5,No,28,21,34
10012375,MALE,4,2,35,PROC,L2,No,42,21,31
10013071,MALE,7,2,42,HR,L5,No,31,37,28
10013865,MALE,9,2,45,MKT,L5,No,23,26,30
10018562,MALE,4,2,33,HR,L5,No,42,35,32
10021994,FEMALE,7,2,41,MKT,L3,No,30,35,37
10026034,FEMALE,4,2,36,PROC,L5,No,23,32,40
10028290,MALE,7,2,39,FIN,L5,Yes,22,34,29
10037132,MALE,7,2,39,MKT,L3,No,20,28,31
10038472,MALE,7,2,42,OPR,L5,Yes,31,30,36
10038954,MALE,3,2,31,PROC,L2,No,20,20,20
10039386,MALE,9,2,44,MKT,L3,No,20,42,21
10040232,FEMALE,3,2,31,OPR,L3,No,24,35,33
10045105,MALE,5,2,37,PROC,L3,No,41,21,25
10051793,MALE,4,2,35,RD,L4,No,28,20,24
10059612,MALE,7,2,41,MKT,L3,No,25,35,44
10071798,FEMALE,4,2,33,OPR,L2,No,30,32,28
10073577,MALE,4,2,36,FIN,L5,Yes,32,22,37
10074763,MALE,9,2,45,OPR,L3,No,36,30,21
10081109,MALE,9,2,44,RD,L4,No,24,40,20
10085121,MALE,4,2,34,PROC,L5,Yes,24,37,26
10089007,MALE,3,2,30,RD,L5,No,38,43,37
10090395,MALE,7,2,42,FIN,L3,No,21,40,20
10091536,FEMALE,3,2,30,HR,L3,No,29,34,30
10091881,FEMALE,4,2,32,FIN,L2,No,43,42,30
10095384,MALE,7,2,42,FIN,L5,No,25,30,34
10100150,FEMALE,7,2,41,MKT,L5,Yes,38,42,28
10100484,MALE,7,2,39,OPR,L4,No,43,38,21
10101550,MALE,9,2,43,FIN,L3,No,40,40,45
10104346,FEMALE,7,2,41,OPR,L5,No,41,35,20
10120924,FEMALE,4,2,33,MKT,L5,Yes,37,36,40
10121356,MALE,5,2,38,MKT,L2,No,32,21,42
10125407,MALE,5,2,37,FIN,L5,No,34,24,31
10128967,MALE,5,2,38,MKT,L2,No,40,40,26
10131819,FEMALE,5,2,37,FIN,L2,No,28,44,44
10138731,MALE,7,2,41,HR,L5,Yes,28,26,20
10143108,FEMALE,9,2,45,OPR,L5,No,35,25,27
10144836,FEMALE,3,2,31,FIN,L5,No,21,33,22
10151169,MALE,7,2,42,MKT,L5,Yes,43,24,38
10154300,FEMALE,3,2,31,MKT,L5,Yes,36,28,26
10154936,FEMALE,7,2,41,MKT,L5,Yes,41,44,37
10160010,MALE,4,2,33,MKT,L5,Yes,35,36,22
10163962,MALE,9,2,45,PROC,L5,Yes,45,39,25
10173831,MALE,3,2,30,MKT,L5,No,22,44,25
10175128,MALE,9,2,45,FIN,L5,No,22,21,34
10182750,FEMALE,4,2,34,PROC,L5,No,25,41,31
10189750,MALE,5,2,37,RD,L4,No,40,24,32
10197648,MALE,3,2,31,OPR,L3,No,33,45,41
10198410,MALE,7,2,41,MKT,L2,No,44,32,26
10204289,MALE,7,2,39,FIN,L5,Yes,43,33,34
10205183,FEMALE,9,2,43,OPR,L5,Yes,34,20,26
10207462,MALE,5,2,37,OPR,L3,No,31,39,33
10208137,FEMALE,4,2,33,PROC,L5,Yes,41,35,32
10211068,FEMALE,3,2,30,RD,L5,Yes,39,34,43
10215579,FEMALE,3,2,30,OPR,L5,No,38,24,24
10217328,MALE,3,2,31,FIN,L2,No,23,39,42
10219019,FEMALE,9,2,45,MKT,L5,Yes,43,32,25
10222362,MALE,4,2,32,RD,L5,Yes,28,27,45
10226668,MALE,7,2,41,FIN,L4,No,26,20,42
10230961,FEMALE,7,2,39,OPR,L5,Yes,22,23,44
10232556,MALE,3,2,31,MKT,L5,Yes,41,38,30
10234904,FEMALE,9,2,43,FIN,L4,No,44,29,21
10235972,FEMALE,7,2,39,MKT,L3,No,43,33,23
10239134,FEMALE,9,2,44,MKT,L3,No,33,45,36
10243079,MALE,9,2,45,MKT,L5,Yes,34,40,35
10250568,MALE,5,2,37,MKT,L3,No,42,29,43
10254866,FEMALE,7,2,42,PROC,L3,No,21,43,45
10256000,FEMALE,5,2,37,OPR,L2,No,44,23,32
10256990,FEMALE,9,2,44,RD,L4,No,21,30,23
10260990,FEMALE,4,2,33,HR,L4,No,23,21,21
10264447,MALE,7,2,39,FIN,L5,Yes,23,27,21
10270500,MALE,4,2,35,OPR,L4,No,32,41,45
10272296,FEMALE,9,2,44,MKT,L4,No,33,32,36
10272534,FEMALE,5,2,38,RD,L2,No,35,25,44
10276123,FEMALE,4,2,32,PROC,L4,No,29,25,39
10276328,MALE,9,2,44,OPR,L5,Yes,24,24,42
10280234,FEMALE,4,2,34,HR,L5,Yes,38,28,26
10284506,FEMALE,7,2,42,HR,L4,Yes,22,28,43
10284711,FEMALE,7,2,39,PROC,L4,Yes,21,36,40
10285899,FEMALE,7,2,39,PROC,L2,No,33,33,45
10290814,FEMALE,5,2,38,OPR,L4,Yes,28,35,45
10291209,FEMALE,7,2,41,FIN,L3,No,26,32,40
10292561,FEMALE,4,2,36,FIN,L4,Yes,24,29,29
10298972,MALE,4,2,34,HR,L4,Yes,27,27,20
10302056,FEMALE,9,2,43,PROC,L4,Yes,18,39,42
10303899,MALE,7,2,40,HR,L4,Yes,23,24,32
10307627,MALE,5,2,38,OPR,L3,No,19,36,33
10309322,MALE,4,2,36,HR,L4,Yes,19,39,40
10309849,MALE,4,2,35,OPR,L4,Yes,28,20,38
10314183,MALE,4,2,33,RD,L3,No,26,31,21
10315933,MALE,4,2,35,OPR,L4,Yes,23,23,28
10318086,MALE,5,2,37,RD,L4,Yes,18,28,29
10318559,FEMALE,7,2,42,FIN,L4,Yes,27,21,40
10319215,FEMALE,3,2,30,FIN,L4,Yes,23,21,43
10320872,MALE,4,2,34,PROC,L4,Yes,23,23,27
10321351,MALE,7,2,41,RD,L4,Yes,19,36,45
10321622,MALE,7,2,41,RD,L4,Yes,29,34,23
10321891,MALE,3,2,31,MKT,L4,Yes,19,20,30
10323295,MALE,9,2,43,PROC,L3,No,20,24,20
10323370,MALE,3,2,30,OPR,L4,Yes,23,27,36
10325355,MALE,4,2,34,HR,L4,Yes,18,43,24
10325781,MALE,9,2,45,PROC,L4,Yes,22,29,29
10327744,FEMALE,5,2,37,PROC,L3,Yes,28,32,27
10329603,FEMALE,9,2,45,RD,L3,Yes,26,27,20
10329975,FEMALE,9,2,45,OPR,L3,Yes,12,21,33
10331549,MALE,4,2,35,FIN,L3,Yes,24,22,32
10332549,MALE,9,2,45,PROC,L2,No,16,25,30
10335707,FEMALE,9,2,44,OPR,L2,No,20,29,23
10337773,MALE,4,2,35,HR,L2,No,17,24,23
10338447,MALE,7,2,40,PROC,L3,Yes,9,15,22
10340632,MALE,5,2,37,RD,L3,Yes,18,24,42
10340843,MALE,3,2,31,MKT,L3,Yes,27,32,43
10344594,MALE,4,2,33,MKT,L2,No,17,22,26
10347444,FEMALE,3,2,30,MKT,L3,Yes,19,18,40
10349384,FEMALE,4,2,34,PROC,L3,Yes,26,26,27
10355227,MALE,7,2,39,HR,L3,Yes,23,27,34
10355409,MALE,7,2,39,OPR,L3,Yes,16,18,28
10355696,MALE,4,2,33,PROC,L3,Yes,10,16,22
10356813,FEMALE,4,2,35,RD,L3,Yes,13,21,24
10357167,MALE,5,2,37,RD,L3,Yes,26,25,24
10359459,FEMALE,7,2,39,MKT,L2,No,28,37,36
10364046,MALE,4,2,35,PROC,L2,No,16,24,31
10366893,FEMALE,7,2,42,FIN,L3,Yes,12,15,41
10368507,MALE,3,2,30,MKT,L3,Yes,15,15,33
10369713,MALE,4,2,33,RD,L3,Yes,23,27,43
10370260,MALE,5,2,38,FIN,L2,No,16,27,24
10371190,MALE,9,2,43,MKT,L2,Yes,36,27,24
10373232,MALE,3,2,30,FIN,L2,Yes,32,26,22
10377161,MALE,4,2,33,PROC,L2,Yes,24,24,26
10377924,FEMALE,5,2,37,FIN,L2,Yes,22,17,24
10380589,MALE,9,2,45,PROC,L2,Yes,36,27,28
10381434,MALE,4,2,33,MKT,L2,Yes,22,20,20
10385262,MALE,3,2,31,FIN,L2,Yes,34,25,28
10386865,MALE,3,2,30,OPR,L2,Yes,42,35,29
10387925,MALE,5,2,38,FIN,L2,Yes,32,38,33
10388488,MALE,4,2,34,PROC,L2,Yes,27,26,33
10391823,MALE,9,2,43,PROC,L2,Yes,25,21,19
10392094,MALE,5,2,37,OPR,L2,Yes,36,23,25
10393616,FEMALE,3,2,31,MKT,L2,Yes,21,14,15
10395838,MALE,7,2,41,RD,L2,Yes,24,18,20
10396574,MALE,9,2,45,PROC,L2,Yes,33,23,23
10398964,MALE,7,2,42,OPR,L2,Yes,32,29,34
10399701,MALE,7,2,39,HR,L2,Yes,14,21,19
10399985,FEMALE,9,2,44,PROC,L2,Yes,30,18,30
10401866,MALE,4,2,33,MKT,L2,Yes,16,13,18
10406708,MALE,4,2,32,RD,L2,Yes,22,16,27
10407824,MALE,4,2,35,HR,L2,Yes,40,23,21
10408342,MALE,4,2,34,FIN,L2,Yes,44,28,22
10408659,FEMALE,5,2,37,OPR,L2,Yes,49,37,30
10410125,FEMALE,9,2,44,RD,L2,Yes,10,13,19
10411748,MALE,4,2,34,HR,L2,Yes,20,20,25
10412743,FEMALE,9,2,43,FIN,L2,Yes,23,19,20
10413669,FEMALE,7,2,42,MKT,L2,Yes,23,16,24
10415696,MALE,4,2,36,OPR,L2,Yes,32,25,28
10416577,FEMALE,9,2,43,OPR,L2,Yes,50,29,30
10417254,MALE,7,2,42,OPR,L2,Yes,48,25,22
10421336,FEMALE,7,2,41,RD,L2,Yes,24,22,35
10425378,FEMALE,4,2,32,PROC,L2,Yes,24,18,26
10426407,MALE,7,2,40,PROC,L2,Yes,31,23,26
10427341,FEMALE,4,2,35,MKT,L2,Yes,29,21,26
10428253,FEMALE,7,2,40,MKT,L2,Yes,13,10,9
10428937,FEMALE,3,2,30,MKT,L2,Yes,48,25,29
10431909,FEMALE,7,2,40,FIN,L2,Yes,43,24,21
10433965,MALE,5,2,37,FIN,L2,Yes,21,21,18
10434323,MALE,9,2,45,OPR,L2,Yes,29,24,29
10001379,FEMALE,4,3,34,RD,L4,No,41,29,40
10003879,MALE,7,3,39,MKT,L5,Yes,35,29,44
10007536,FEMALE,9,3,43,RD,L3,No,21,29,40
10010921,MALE,7,3,40,FIN,L5,Yes,40,35,28
10016813,FEMALE,5,3,38,PROC,L4,No,40,23,28
10017228,FEMALE,3,3,30,HR,L5,Yes,37,43,26
10025393,MALE,3,3,30,MKT,L5,No,35,27,28
10027286,MALE,7,3,39,FIN,L5,Yes,37,21,40
10030111,MALE,7,3,41,OPR,L4,No,30,36,26
10030742,MALE,7,3,41,RD,L3,No,25,27,27
10031441,FEMALE,9,3,45,MKT,L5,No,35,34,25
10039039,MALE,7,3,41,OPR,L4,No,24,44,22
10040691,MALE,9,3,43,RD,L3,No,22,42,41
10045241,FEMALE,4,3,34,PROC,L3,No,36,34,44
10048323,FEMALE,3,3,31,PROC,L3,No,20,41,41
10051818,MALE,3,3,30,HR,L3,No,21,28,30
10055093,MALE,9,3,43,MKT,L2,No,41,32,42
10061222,MALE,3,3,31,RD,L5,Yes,24,26,31
10066159,MALE,7,3,42,OPR,L4,No,35,28,26
10067376,MALE,7,3,40,OPR,L5,Yes,29,43,43
10084669,MALE,7,3,39,HR,L5,No,25,39,39
10085256,MALE,4,3,36,FIN,L5,Yes,25,30,37
10088343,MALE,5,3,37,RD,L2,No,26,27,39
10097265,MALE,9,3,43,RD,L2,No,36,20,36
10107311,MALE,5,3,37,OPR,L2,No,36,23,39
10111586,FEMALE,7,3,39,FIN,L2,No,36,24,26
10112266,FEMALE,7,3,42,PROC,L5,Yes,34,36,44
10112676,MALE,9,3,43,OPR,L3,No,21,42,30
10113949,MALE,7,3,42,MKT,L4,No,31,25,30
10115442,FEMALE,9,3,43,FIN,L5,Yes,38,26,34
10117950,MALE,4,3,32,FIN,L3,No,38,34,26
10118903,FEMALE,4,3,35,FIN,L3,No,44,34,23
10120547,MALE,7,3,39,OPR,L3,No,44,29,36
10123666,MALE,7,3,41,OPR,L2,No,44,33,43
10131280,MALE,5,3,37,OPR,L2,No,24,23,41
10142093,FEMALE,5,3,37,PROC,L4,No,40,28,29
10150350,MALE,3,3,31,FIN,L2,No,36,21,45
10159075,FEMALE,7,3,40,HR,L5,No,24,26,27
10172969,MALE,9,3,44,RD,L3,No,39,30,40
10174691,MALE,9,3,44,PROC,L2,No,30,21,42
10184000,MALE,3,3,31,RD,L3,No,27,29,27
10186956,FEMALE,4,3,35,PROC,L5,No,25,21,29
10187770,FEMALE,5,3,38,FIN,L3,No,32,20,27
10196060,FEMALE,4,3,32,MKT,L5,No,43,45,23
10197106,MALE,7,3,42,MKT,L5,No,25,43,44
10200222,MALE,9,3,44,HR,L5,No,27,25,20
10201403,MALE,9,3,43,MKT,L5,Yes,35,26,38
10204017,MALE,7,3,42,FIN,L4,No,45,22,42
10209263,MALE,4,3,33,OPR,L4,No,27,24,43
10210592,FEMALE,4,3,33,FIN,L4,No,35,21,34
10212183,MALE,4,3,33,MKT,L5,Yes,25,35,35
10214484,MALE,3,3,31,PROC,L3,No,29,27,35
10215453,MALE,3,3,31,PROC,L3,No,34,42,25
10225196,FEMALE,9,3,43,OPR,L5,No,38,27,20
10227894,FEMALE,4,3,36,FIN,L2,No,42,33,24
10228970,FEMALE,9,3,45,PROC,L5,Yes,36,27,22
10229090,MALE,7,3,41,MKT,L5,Yes,31,37,40
10235407,FEMALE,5,3,38,OPR,L2,No,21,29,24
10249230,MALE,9,3,44,MKT,L5,Yes,25,36,24
10252375,MALE,7,3,41,FIN,L4,No,45,39,22
10253331,FEMALE,4,3,34,MKT,L4,No,40,38,40
10253622,FEMALE,9,3,44,HR,L2,No,44,28,38
10255426,FEMALE,7,3,41,OPR,L4,No,20,35,35
10257968,MALE,9,3,43,FIN,L2,No,28,28,40
10258258,MALE,5,3,38,RD,L5,Yes,27,35,43
10260658,FEMALE,4,3,34,MKT,L2,No,40,35,31
10264054,MALE,4,3,34,OPR,L2,No,23,26,37
10267970,MALE,3,3,31,FIN,L2,No,20,20,35
10269018,MALE,9,3,45,FIN,L3,No,29,24,21
10276060,FEMALE,9,3,44,OPR,L5,Yes,22,23,26
10283108,MALE,5,3,38,HR,L5,Yes,44,21,44
10283678,MALE,3,3,31,HR,L2,No,17,25,20
10289188,MALE,9,3,43,MKT,L4,Yes,27,20,36
10289435,MALE,7,3,41,OPR,L4,Yes,28,37,41
10290917,MALE,9,3,45,RD,L2,No,21,39,22
10291665,MALE,5,3,38,FIN,L3,No,31,39,29
10295125,FEMALE,4,3,33,PROC,L3,No,19,28,45
10296687,FEMALE,5,3,37,OPR,L4,Yes,33,23,42
10299433,FEMALE,9,3,45,RD,L2,No,20,36,37
10300335,FEMALE,4,3,34,MKT,L4,Yes,20,27,25
10313600,FEMALE,7,3,42,MKT,L3,No,28,40,21
10316060,MALE,5,3,37,PROC,L2,No,16,34,44
10317952,FEMALE,3,3,30,OPR,L2,No,35,21,39
10318736,MALE,3,3,30,MKT,L4,Yes,26,21,35
10320411,MALE,4,3,34,RD,L4,Yes,17,39,36
10327450,FEMALE,4,3,33,MKT,L2,No,24,25,36
10328366,MALE,7,3,40,FIN,L3,Yes,21,32,27
10328862,MALE,7,3,40,MKT,L3,Yes,9,18,29
10328937,FEMALE,4,3,33,MKT,L3,Yes,14,19,22
10329179,FEMALE,4,3,34,PROC,L3,Yes,20,27,22
10331173,MALE,4,3,36,FIN,L3,Yes,15,30,24
10331717,FEMALE,5,3,37,RD,L3,Yes,24,30,25
10335956,FEMALE,5,3,38,PROC,L3,Yes,25,29,32
10337841,FEMALE,7,3,40,MKT,L3,Yes,35,35,40
10339307,MALE,4,3,32,FIN,L3,Yes,24,30,45
10339416,MALE,9,3,44,RD,L3,Yes,17,25,38
10340241,MALE,7,3,42,HR,L3,Yes,20,27,33
10341791,MALE,4,3,35,OPR,L2,No,19,19,38
10342654,FEMALE,4,3,33,PROC,L3,Yes,20,26,20
10344388,FEMALE,5,3,38,MKT,L3,Yes,17,18,36
10345699,MALE,4,3,36,MKT,L3,Yes,23,27,45
10346689,MALE,5,3,37,PROC,L2,No,12,17,32
10350977,MALE,7,3,40,FIN,L2,No,22,23,27
10353706,MALE,9,3,45,FIN,L3,Yes,15,27,30
10354014,MALE,3,3,31,FIN,L3,Yes,16,17,25
10354743,FEMALE,9,3,44,HR,L3,Yes,20,26,37
10355906,FEMALE,4,3,34,OPR,L3,Yes,34,32,42
10357806,MALE,4,3,35,MKT,L3,Yes,11,19,38
10359591,MALE,7,3,42,MKT,L3,Yes,17,28,28
10359821,FEMALE,4,3,35,PROC,L2,No,21,30,36
10360979,MALE,7,3,40,MKT,L3,Yes,17,25,40
10361328,MALE,4,3,35,MKT,L3,Yes,20,19,38
10361593,MALE,4,3,32,OPR,L3,Yes,17,26,22
10363353,MALE,7,3,39,RD,L2,No,18,24,24
10363935,MALE,9,3,43,MKT,L3,Yes,27,25,21
10364666,FEMALE,7,3,42,MKT,L2,No,23,36,34
10365097,MALE,3,3,31,HR,L3,Yes,13,15,22
10369560,MALE,5,3,37,OPR,L3,Yes,23,23,34
10369644,FEMALE,7,3,42,OPR,L3,Yes,37,31,24
10370961,FEMALE,4,3,35,MKT,L2,Yes,24,16,16
10372892,FEMALE,4,3,32,RD,L2,Yes,31,27,26
10372946,MALE,4,3,33,MKT,L2,Yes,43,24,29
10374224,FEMALE,9,3,45,RD,L2,Yes,37,29,28
10375403,FEMALE,7,3,39,FIN,L2,Yes,25,24,20
10376247,MALE,4,3,33,MKT,L2,Yes,35,26,29
10376943,MALE,3,3,31,PROC,L2,Yes,39,28,27
10379620,FEMALE,9,3,44,PROC,L2,Yes,18,13,17
10379771,FEMALE,4,3,34,RD,L2,Yes,24,22,21
10381173,MALE,4,3,32,PROC,L2,Yes,26,20,24
10382682,FEMALE,7,3,40,OPR,L2,Yes,19,18,22
10382747,FEMALE,9,3,45,MKT,L2,Yes,19,20,21
10384415,FEMALE,7,3,42,PROC,L2,Yes,33,23,25
10384751,FEMALE,4,3,35,PROC,L2,Yes,39,24,20
10385376,MALE,7,3,41,FIN,L2,Yes,43,34,34
10386615,MALE,5,3,37,HR,L2,Yes,41,27,26
10387627,MALE,4,3,36,PROC,L2,Yes,24,24,27
10388192,MALE,9,3,44,FIN,L2,Yes,40,32,32
10388831,MALE,7,3,41,FIN,L2,Yes,21,13,15
10389294,FEMALE,7,3,39,PROC,L2,Yes,51,31,32
10390163,MALE,7,3,40,PROC,L2,Yes,54,40,37
10391058,MALE,7,3,40,MKT,L2,Yes,19,13,23
10392564,MALE,7,3,40,RD,L2,Yes,31,23,31
10393505,MALE,4,3,35,OPR,L2,Yes,18,17,22
10395077,FEMALE,5,3,38,PROC,L2,Yes,32,22,25
10396360,MALE,9,3,44,OPR,L2,Yes,11,8,12
10396673,MALE,9,3,43,MKT,L2,Yes,19,19,20
10398032,FEMALE,7,3,40,MKT,L2,Yes,24,18,19
10399626,MALE,4,3,33,FIN,L2,Yes,35,29,30
10400082,MALE,9,3,44,RD,L2,Yes,43,34,35
10401162,FEMALE,4,3,34,RD,L2,Yes,26,24,29
10402078,FEMALE,7,3,42,MKT,L2,Yes,38,28,29
10403525,MALE,4,3,33,RD,L2,Yes,46,29,29
10403866,MALE,4,3,35,FIN,L2,Yes,20,15,16
10403959,FEMALE,7,3,39,RD,L2,Yes,24,24,27
10405138,FEMALE,9,3,44,RD,L2,Yes,42,25,30
10405201,MALE,5,3,37,RD,L2,Yes,17,15,16
10405520,MALE,7,3,41,MKT,L2,Yes,25,20,26
10405691,MALE,9,3,43,PROC,L2,Yes,35,29,24
10409035,MALE,5,3,38,PROC,L2,Yes,44,32,31
10409818,FEMALE,9,3,43,OPR,L2,Yes,27,26,25
10410317,MALE,7,3,40,FIN,L2,Yes,42,27,29
10412870,FEMALE,3,3,30,MKT,L2,Yes,39,31,30
10414045,FEMALE,7,3,39,PROC,L2,Yes,20,22,21
10415344,MALE,4,3,33,FIN,L2,Yes,34,28,31
10417053,MALE,4,3,35,RD,L2,Yes,21,26,30
10417652,MALE,3,3,30,HR,L2,Yes,18,17,19
10419560,MALE,7,3,40,PROC,L2,Yes,12,16,19
10421715,FEMALE,9,3,44,MKT,L2,Yes,40,26,23
10424679,MALE,4,3,36,RD,L2,Yes,34,30,29
10425756,FEMALE,7,3,41,OPR,L2,Yes,23,19,21
10430443,FEMALE,4,3,32,MKT,L2,Yes,41,30,29
10430569,MALE,3,3,30,MKT,L2,Yes,15,13,16
10432014,MALE,5,3,37,PROC,L2,Yes,29,30,26
10433096,FEMALE,4,3,36,FIN,L2,Yes,15,14,18
10433523,MALE,4,3,36,FIN,L2,Yes,23,25,23
10434142,MALE,4,3,36,HR,L2,Yes,39,23,22
10436507,MALE,7,3,42,MKT,L2,Yes,40,30,36
10436742,MALE,4,3,36,FIN,L2,Yes,21,16,24
10021544,MALE,4,4,33,MKT,L2,No,37,31,20
10049912,FEMALE,7,4,40,OPR,L2,No,32,24,24
10052858,MALE,7,4,42,MKT,L5,Yes,32,43,45
10065219,MALE,3,4,31,MKT,L3,No,24,25,37
10077831,MALE,5,4,38,RD,L3,No,24,24,35
10099302,MALE,9,4,45,OPR,L5,Yes,43,43,41
10121724,FEMALE,7,4,41,PROC,L5,No,26,24,36
10139958,MALE,7,4,41,FIN,L3,No,27,44,34
10171999,MALE,4,4,34,OPR,L2,No,44,44,21
10176180,FEMALE,5,4,37,OPR,L5,Yes,25,25,29
10183604,FEMALE,3,4,31,PROC,L4,No,43,45,42
10186598,MALE,3,4,30,HR,L2,No,36,36,41
10199749,MALE,9,4,43,MKT,L5,Yes,38,44,30
10202707,MALE,9,4,44,OPR,L4,No,22,43,27
10212548,FEMALE,9,4,43,PROC,L2,No,43,33,42
10216267,FEMALE,9,4,45,RD,L4,No,26,21,38
10217063,MALE,7,4,39,FIN,L5,Yes,31,21,39
10218220,FEMALE,4,4,33,MKT,L5,Yes,29,41,36
10234049,FEMALE,4,4,34,PROC,L4,No,42,27,39
10236823,FEMALE,9,4,43,PROC,L3,No,40,30,32
10255236,FEMALE,4,4,34,MKT,L3,No,36,33,35
10269824,FEMALE,5,4,37,OPR,L3,No,37,35,30
10274308,MALE,5,4,38,PROC,L3,No,43,38,36
10274596,FEMALE,7,4,42,PROC,L4,No,26,45,28
10276247,FEMALE,4,4,36,FIN,L5,Yes,31,43,40
10308281,MALE,7,4,39,MKT,L4,Yes,20,42,32
10315826,MALE,4,4,32,OPR,L2,No,25,27,41
10326599,FEMALE,4,4,36,HR,L2,No,25,25,31
10328269,MALE,4,4,32,OPR,L3,Yes,12,21,34
10336191,FEMALE,7,4,40,MKT,L3,Yes,14,27,33
10342338,MALE,5,4,37,OPR,L3,Yes,20,23,38
10348652,MALE,4,4,36,PROC,L3,Yes,16,22,40
10348883,MALE,3,4,30,RD,L2,No,13,15,40
10348952,FEMALE,4,4,33,OPR,L3,Yes,11,17,40
10355068,MALE,7,4,41,RD,L2,No,19,27,33
10359310,MALE,9,4,44,OPR,L3,Yes,10,22,39
10360471,FEMALE,5,4,37,FIN,L3,Yes,23,30,35
10369337,FEMALE,9,4,45,MKT,L3,Yes,18,33,34
10370144,FEMALE,4,4,36,FIN,L2,No,22,23,41
10370736,FEMALE,7,4,39,PROC,L3,Yes,9,27,26
10371952,FEMALE,7,4,40,MKT,L2,Yes,34,28,29
10373305,MALE,4,4,32,PROC,L2,Yes,19,18,21
10373788,MALE,3,4,31,MKT,L2,Yes,15,13,14
10375585,MALE,7,4,41,RD,L2,Yes,29,25,22
10378167,MALE,3,4,30,FIN,L2,Yes,27,21,22
10383051,FEMALE,7,4,42,HR,L2,Yes,27,20,25
10386731,MALE,7,4,39,PROC,L2,Yes,33,25,22
10390676,MALE,7,4,42,FIN,L2,Yes,38,30,31
10392674,FEMALE,4,4,34,RD,L2,Yes,36,28,32
10395339,FEMALE,9,4,43,OPR,L2,Yes,13,16,19
10395788,FEMALE,3,4,30,OPR,L2,Yes,24,20,15
10400499,MALE,7,4,41,RD,L2,Yes,36,28,25
10407359,MALE,5,4,37,PROC,L2,Yes,20,19,23
10409416,FEMALE,7,4,40,PROC,L2,Yes,31,28,25
10411630,FEMALE,4,4,35,OPR,L2,Yes,32,25,24
10417837,MALE,4,4,36,OPR,L2,Yes,29,24,22
10427435,MALE,3,4,30,OPR,L2,Yes,24,24,22
10427667,MALE,5,4,37,PROC,L2,Yes,51,37,33
10016116,MALE,4,5,35,RD,L4,No,35,41,38
10020370,MALE,7,5,41,OPR,L5,Yes,27,33,45
10024636,MALE,7,5,40,OPR,L5,Yes,44,42,39
10025171,MALE,3,5,31,MKT,L4,No,39,31,40
10026638,MALE,3,5,31,OPR,L4,No,41,41,44
10029548,MALE,4,5,34,RD,L2,No,24,24,30
10032942,MALE,9,5,43,MKT,L5,No,33,36,38
10034312,FEMALE,4,5,34,MKT,L4,No,28,39,23
10038754,FEMALE,3,5,31,PROC,L5,No,31,43,34
10039466,FEMALE,4,5,33,FIN,L2,No,45,21,21
10045010,MALE,9,5,44,PROC,L5,No,39,45,39
10055785,FEMALE,9,5,43,MKT,L5,Yes,38,31,35
10062614,FEMALE,7,5,42,MKT,L3,No,38,37,41
10064635,MALE,4,5,32,OPR,L2,No,30,23,36
10066821,MALE,5,5,38,OPR,L5,Yes,28,38,42
10067945,FEMALE,9,5,43,PROC,L4,No,43,43,20
10071571,MALE,7,5,42,RD,L5,Yes,24,45,20
10072109,MALE,5,5,38,PROC,L2,No,45,39,22
10072898,MALE,3,5,30,FIN,L5,Yes,24,36,41
10079789,MALE,9,5,45,OPR,L5,Yes,30,38,33
10087387,MALE,5,5,38,MKT,L3,No,37,29,36
10090927,MALE,3,5,31,HR,L2,No,30,44,21
10094340,MALE,4,5,33,OPR,L4,No,43,43,45
10102168,MALE,3,5,31,PROC,L2,No,45,23,20
10102370,FEMALE,9,5,43,FIN,L5,Yes,41,44,43
10103246,MALE,4,5,33,OPR,L5,Yes,35,43,20
10106001,MALE,4,5,33,OPR,L5,Yes,20,33,36
10107225,MALE,4,5,35,OPR,L2,No,35,35,37
10108088,FEMALE,9,5,44,OPR,L5,Yes,21,36,25
10110614,FEMALE,4,5,36,FIN,L5,No,26,35,29
10111487,FEMALE,7,5,39,OPR,L3,No,29,39,38
10117222,MALE,7,5,42,RD,L5,Yes,43,35,29
10117582,MALE,4,5,32,OPR,L2,No,39,37,29
10120687,MALE,9,5,45,OPR,L5,No,21,28,23
10126760,MALE,7,5,39,OPR,L5,No,22,20,45
10127404,MALE,4,5,36,RD,L4,No,27,41,40
10133245,FEMALE,7,5,39,PROC,L5,Yes,40,23,42
10148590,MALE,9,5,44,RD,L5,No,27,39,37
10148809,MALE,4,5,32,OPR,L5,Yes,27,33,22
10149083,MALE,4,5,36,PROC,L2,No,24,26,21
10156548,MALE,7,5,42,OPR,L3,No,41,35,39
10158171,MALE,3,5,31,MKT,L5,Yes,44,35,31
10158207,FEMALE,9,5,43,PROC,L3,No,27,28,21
10159982,MALE,9,5,43,FIN,L5,Yes,42,37,31
10173268,FEMALE,7,5,40,MKT,L5,No,45,40,36
10175029,FEMALE,5,5,38,FIN,L5,No,38,30,27
10178492,MALE,9,5,44,MKT,L4,No,35,34,29
10182347,MALE,9,5,43,PROC,L3,No,38,25,38
10182626,MALE,4,5,35,OPR,L2,No,41,36,44
10185407,MALE,5,5,37,HR,L2,No,37,38,36
10186409,MALE,7,5,42,MKT,L2,No,32,40,28
10188366,MALE,9,5,43,MKT,L5,Yes,29,24,23
10190382,MALE,7,5,39,MKT,L5,No,22,38,24
10192049,MALE,3,5,30,MKT,L2,No,25,40,45
10195691,FEMALE,7,5,41,RD,L2,No,33,25,36
10197359,MALE,7,5,40,PROC,L4,No,27,33,20
10199575,MALE,7,5,40,HR,L5,Yes,21,27,37
10202454,MALE,7,5,39,MKT,L4,No,24,38,25
10206475,MALE,5,5,37,OPR,L5,Yes,40,29,20
10221505,MALE,4,5,35,OPR,L2,No,27,42,26
10230254,FEMALE,9,5,45,OPR,L2,No,39,25,25
10232649,FEMALE,5,5,37,HR,L5,Yes,26,39,31
10233369,FEMALE,3,5,31,MKT,L4,No,29,20,35
10236358,MALE,5,5,37,PROC,L3,No,21,21,44
10242517,MALE,9,5,45,RD,L3,No,45,33,42
10244633,FEMALE,5,5,38,HR,L3,No,39,44,38
10248984,MALE,4,5,36,FIN,L4,No,26,39,20
10249553,FEMALE,9,5,43,PROC,L5,Yes,26,37,26
10249670,MALE,7,5,39,PROC,L2,No,33,34,25
10250001,MALE,9,5,45,MKT,L3,No,39,39,26
10250206,MALE,3,5,30,OPR,L5,Yes,32,40,33
10255632,MALE,7,5,42,OPR,L5,Yes,34,29,29
10255708,FEMALE,7,5,40,PROC,L4,No,21,21,27
10256897,MALE,4,5,32,OPR,L3,No,36,41,38
10262595,MALE,4,5,36,PROC,L5,Yes,41,44,22
10264540,MALE,9,5,44,FIN,L5,Yes,29,33,20
10265010,MALE,4,5,36,RD,L2,No,37,26,37
10265231,MALE,3,5,31,RD,L5,Yes,27,31,34
10273484,FEMALE,9,5,44,OPR,L5,Yes,36,20,42
10276410,FEMALE,7,5,39,PROC,L5,Yes,38,36,20
10288687,MALE,7,5,40,PROC,L4,Yes,29,31,35
10294452,FEMALE,3,5,30,PROC,L4,Yes,13,36,27
10299005,FEMALE,5,5,37,FIN,L4,Yes,28,30,42
10300137,FEMALE,7,5,39,RD,L4,Yes,12,43,25
10304089,MALE,4,5,32,MKT,L2,No,31,30,37
10308195,MALE,9,5,44,MKT,L4,Yes,32,39,33
10310137,MALE,7,5,41,FIN,L4,Yes,31,21,29
10310544,MALE,4,5,35,HR,L4,Yes,24,35,32
10313223,MALE,4,5,35,PROC,L4,Yes,28,37,31
10315151,MALE,4,5,32,HR,L2,No,26,23,31
10315464,MALE,7,5,41,HR,L4,Yes,31,25,44
10316177,MALE,4,5,36,PROC,L3,No,24,40,42
10318263,MALE,9,5,44,FIN,L4,Yes,22,40,20
10321113,FEMALE,4,5,33,OPR,L4,Yes,26,33,38
10322579,FEMALE,4,5,36,FIN,L4,Yes,19,24,33
10323045,MALE,4,5,32,FIN,L4,Yes,36,23,43
10324024,FEMALE,3,5,31,FIN,L4,Yes,27,27,21
10326199,FEMALE,3,5,30,OPR,L2,No,29,38,44
10329532,FEMALE,4,5,32,FIN,L2,No,24,28,42
10330847,MALE,9,5,43,PROC,L3,Yes,21,31,29
10333023,MALE,9,5,45,RD,L2,No,15,19,28
10333767,MALE,5,5,37,PROC,L3,Yes,7,24,21
10333833,MALE,7,5,42,FIN,L3,Yes,24,28,38
10334527,MALE,4,5,32,PROC,L3,Yes,25,25,38
10334870,MALE,3,5,31,MKT,L2,No,28,33,31
10335640,FEMALE,7,5,39,PROC,L3,Yes,19,30,23
10337167,FEMALE,4,5,33,FIN,L3,Yes,19,24,34
10338787,FEMALE,7,5,42,MKT,L3,Yes,20,23,28
10339558,MALE,4,5,36,MKT,L3,Yes,24,34,41
10340997,FEMALE,7,5,39,OPR,L3,Yes,16,19,39
10345808,MALE,7,5,41,FIN,L3,Yes,29,34,22
10348704,MALE,9,5,43,HR,L3,Yes,18,30,36
10349188,MALE,4,5,35,FIN,L2,No,16,19,37
10350468,MALE,4,5,34,RD,L3,Yes,27,34,20
10350749,FEMALE,9,5,43,OPR,L2,No,29,31,23
10353584,FEMALE,4,5,35,MKT,L3,Yes,25,31,31
10353654,FEMALE,7,5,40,RD,L2,No,24,24,34
10354389,FEMALE,3,5,31,FIN,L3,Yes,26,25,22
10356956,FEMALE,5,5,38,FIN,L3,Yes,24,34,36
10359074,FEMALE,4,5,36,RD,L3,Yes,25,30,29
10361629,MALE,9,5,43,MKT,L3,Yes,22,20,38
10361703,MALE,4,5,34,OPR,L3,Yes,19,26,36
10362180,MALE,4,5,32,MKT,L3,Yes,18,28,45
10364172,FEMALE,9,5,45,HR,L3,Yes,9,17,29
10364220,FEMALE,7,5,42,RD,L2,No,11,26,26
10365192,MALE,3,5,31,RD,L3,Yes,11,16,31
10367953,FEMALE,3,5,31,RD,L3,Yes,26,23,31
10371831,FEMALE,7,5,39,PROC,L2,Yes,24,19,23
10372299,FEMALE,4,5,34,OPR,L2,Yes,40,35,29
10374854,MALE,3,5,31,FIN,L2,Yes,28,32,34
10375929,FEMALE,4,5,35,FIN,L2,Yes,28,20,22
10377727,FEMALE,4,5,36,MKT,L2,Yes,31,22,26
10378275,MALE,5,5,37,OPR,L2,Yes,19,19,24
10379508,FEMALE,4,5,35,RD,L2,Yes,28,19,27
10380094,MALE,4,5,36,HR,L2,Yes,47,34,31
10383799,FEMALE,5,5,37,RD,L2,Yes,35,28,25
10384685,MALE,5,5,38,OPR,L2,Yes,45,32,26
10386473,FEMALE,7,5,39,FIN,L2,Yes,19,15,23
10390309,MALE,3,5,30,OPR,L2,Yes,23,26,35
10390937,FEMALE,9,5,43,HR,L2,Yes,33,21,27
10393993,MALE,4,5,36,PROC,L2,Yes,19,24,22
10394340,FEMALE,5,5,38,FIN,L2,Yes,32,21,25
10397524,FEMALE,9,5,45,RD,L2,Yes,35,22,24
10398136,FEMALE,5,5,38,MKT,L2,Yes,17,17,25
10398323,FEMALE,9,5,45,RD,L2,Yes,32,26,34
10398488,FEMALE,7,5,40,MKT,L2,Yes,29,19,21
10400260,FEMALE,5,5,38,PROC,L2,Yes,21,15,23
10400772,MALE,9,5,44,PROC,L2,Yes,30,18,22
10402538,MALE,9,5,45,PROC,L2,Yes,30,20,18
10402905,MALE,3,5,30,RD,L2,Yes,20,20,21
10404949,MALE,7,5,39,FIN,L2,Yes,35,24,31
10407549,MALE,5,5,38,HR,L2,Yes,20,27,25
10407672,MALE,4,5,34,MKT,L2,Yes,21,26,26
10410528,FEMALE,4,5,35,PROC,L2,Yes,24,14,17
10410845,FEMALE,4,5,35,OPR,L2,Yes,24,23,23
10411126,MALE,7,5,42,PROC,L2,Yes,30,27,27
10412318,MALE,5,5,37,FIN,L2,Yes,35,31,30
10412570,MALE,4,5,36,MKT,L2,Yes,27,21,24
10413377,FEMALE,4,5,36,RD,L2,Yes,14,11,13
10413999,MALE,9,5,44,OPR,L2,Yes,27,23,27
10415987,FEMALE,9,5,43,OPR,L2,Yes,33,18,19
10419330,FEMALE,5,5,37,MKT,L2,Yes,24,19,25
10421077,FEMALE,4,5,34,RD,L2,Yes,35,22,29
10422697,FEMALE,7,5,42,RD,L2,Yes,21,22,26
10422875,MALE,3,5,30,HR,L2,Yes,14,21,23
10423242,MALE,4,5,35,PROC,L2,Yes,31,23,23
10424929,MALE,4,5,36,MKT,L2,Yes,18,16,19
10425573,MALE,5,5,37,FIN,L2,Yes,19,20,16
10425919,MALE,3,5,30,FIN,L2,Yes,24,15,15
10426635,MALE,4,5,33,PROC,L2,Yes,41,32,29
10427922,MALE,4,5,35,FIN,L2,Yes,39,28,30
10434628,MALE,7,5,39,MKT,L2,Yes,25,17,25
10435086,FEMALE,3,5,31,PROC,L2,Yes,30,19,22
10435683,MALE,9,5,43,PROC,L2,Yes,34,22,28
10002082,MALE,9,6,45,MKT,L3,No,20,22,28
10002880,MALE,4,6,34,HR,L4,No,35,22,37
10013198,MALE,9,6,45,PROC,L3,No,36,39,41
10015292,MALE,4,6,36,PROC,L5,Yes,24,36,31
10016352,MALE,3,6,31,FIN,L2,No,36,41,38
10019888,MALE,4,6,33,PROC,L5,Yes,43,28,35
10021460,FEMALE,7,6,41,MKT,L2,No,40,23,34
10022277,MALE,9,6,43,OPR,L3,No,34,39,24
10023511,FEMALE,7,6,42,PROC,L3,No,20,40,45
10028695,MALE,4,6,35,OPR,L5,No,43,42,42
10029845,MALE,3,6,30,PROC,L5,Yes,36,33,33
10030084,FEMALE,4,6,35,MKT,L2,No,45,34,43
10030422,FEMALE,4,6,32,MKT,L5,Yes,39,25,25
10030588,FEMALE,7,6,40,HR,L2,No,44,26,42
10032574,MALE,9,6,45,MKT,L4,No,43,32,36
10033328,FEMALE,4,6,33,FIN,L2,No,40,41,45
10039606,FEMALE,7,6,40,PROC,L4,No,20,30,43
10040798,FEMALE,9,6,45,FIN,L5,Yes,26,37,36
10045357,FEMALE,3,6,31,MKT,L5,No,30,34,22
10053968,MALE,4,6,36,MKT,L2,No,42,24,36
10054126,FEMALE,5,6,37,OPR,L4,No,30,33,24
10056971,FEMALE,4,6,32,PROC,L5,No,25,43,31
10058223,MALE,9,6,45,RD,L5,No,39,44,25
10060589,MALE,5,6,38,OPR,L5,No,28,27,36
10082020,MALE,4,6,32,PROC,L2,No,28,28,26
10094830,FEMALE,9,6,43,FIN,L2,No,23,30,38
10095849,FEMALE,4,6,35,OPR,L3,No,39,40,43
10101214,MALE,7,6,39,RD,L5,No,45,25,33
10108888,MALE,9,6,43,PROC,L5,No,23,28,36
10109939,FEMALE,4,6,33,RD,L3,No,43,44,31
10112939,FEMALE,5,6,38,RD,L5,No,25,31,41
10114354,FEMALE,4,6,33,MKT,L4,No,40,21,33
10115243,FEMALE,7,6,40,PROC,L4,No,30,42,24
10116638,MALE,9,6,44,MKT,L5,No,31,26,31
10118764,MALE,4,6,35,RD,L5,Yes,35,41,22
10127001,MALE,7,6,39,FIN,L2,No,20,25,25
10129840,FEMALE,4,6,35,FIN,L4,No,39,29,39
10147832,MALE,3,6,31,MKT,L4,No,40,29,32
10149497,MALE,9,6,43,OPR,L5,No,37,37,39
10151599,MALE,9,6,45,MKT,L5,No,25,32,30
10155001,FEMALE,4,6,32,OPR,L2,No,42,23,43
10156015,FEMALE,9,6,45,RD,L5,No,36,29,27
10165162,MALE,4,6,32,PROC,L2,No,42,43,22
10167553,FEMALE,9,6,45,FIN,L5,Yes,35,28,25
10167870,FEMALE,5,6,37,FIN,L4,No,43,42,45
10173028,MALE,3,6,30,FIN,L4,No,40,31,25
10173426,FEMALE,3,6,31,FIN,L5,Yes,36,37,36
10187424,MALE,7,6,39,HR,L5,Yes,24,30,41
10195339,MALE,3,6,31,OPR,L4,No,21,21,34
10200825,MALE,3,6,31,MKT,L2,No,28,42,35
10205016,MALE,7,6,39,FIN,L4,No,35,33,22
10205837,MALE,7,6,41,PROC,L2,No,37,42,24
10210165,FEMALE,4,6,34,MKT,L5,No,26,23,25
10211411,MALE,5,6,37,FIN,L2,No,33,45,36
10216340,MALE,7,6,40,OPR,L5,No,20,25,37
10219847,MALE,3,6,31,RD,L3,No,33,30,44
10230512,FEMALE,4,6,34,FIN,L5,Yes,29,43,21
10231067,MALE,5,6,38,FIN,L4,No,24,43,21
10235780,MALE,5,6,38,PROC,L4,No,36,30,33
10240122,MALE,9,6,43,PROC,L5,No,33,33,27
10242027,FEMALE,4,6,32,OPR,L5,Yes,37,30,38
10254461,MALE,3,6,31,RD,L2,No,31,33,20
10267321,MALE,4,6,32,PROC,L3,No,35,37,34
10270958,MALE,3,6,31,OPR,L4,No,34,43,21
10278165,MALE,7,6,39,OPR,L5,Yes,23,32,40
10278454,MALE,3,6,30,PROC,L5,Yes,20,29,30
10281154,MALE,5,6,38,MKT,L2,No,23,38,41
10288745,MALE,3,6,31,RD,L4,Yes,23,20,27
10289332,FEMALE,9,6,43,PROC,L3,No,9,32,31
10292957,FEMALE,7,6,40,OPR,L4,Yes,35,27,21
10294186,MALE,4,6,32,PROC,L4,Yes,20,28,28
10294570,MALE,9,6,44,OPR,L4,Yes,21,36,41
10295025,MALE,7,6,39,MKT,L3,No,30,32,23
10297837,FEMALE,7,6,41,RD,L4,Yes,31,37,40
10300873,MALE,7,6,40,OPR,L4,Yes,30,40,43
10301634,MALE,9,6,45,PROC,L4,Yes,24,34,42
10301734,MALE,7,6,41,PROC,L4,Yes,20,29,35
10304213,MALE,4,6,32,RD,L2,No,25,41,25
10305535,FEMALE,4,6,35,PROC,L4,Yes,37,44,26
10309642,MALE,4,6,35,FIN,L4,Yes,30,44,27
10311465,FEMALE,5,6,38,FIN,L3,No,18,38,29
10312887,MALE,4,6,36,FIN,L4,Yes,26,38,26
10314440,MALE,5,6,38,HR,L4,Yes,31,43,40
10314785,MALE,3,6,30,FIN,L2,No,22,37,37
10315570,FEMALE,7,6,42,PROC,L4,Yes,26,45,21
10316351,MALE,7,6,40,PROC,L4,Yes,22,20,37
10317486,MALE,4,6,36,OPR,L3,No,27,24,35
10319816,MALE,9,6,45,FIN,L4,Yes,29,34,34
10320926,FEMALE,4,6,33,FIN,L4,Yes,22,35,36
10322702,FEMALE,3,6,31,PROC,L4,Yes,24,24,44
10324398,MALE,4,6,34,RD,L3,No,14,38,39
10331417,FEMALE,4,6,32,FIN,L2,No,23,27,36
10331681,MALE,7,6,40,PROC,L3,Yes,30,30,23
10332311,MALE,3,6,30,HR,L3,Yes,16,29,39
10332796,MALE,4,6,34,OPR,L3,Yes,21,25,30
10334302,MALE,9,6,43,OPR,L3,Yes,15,17,34
10334420,MALE,7,6,41,PROC,L3,Yes,28,31,28
10335824,MALE,7,6,39,RD,L2,No,17,28,43
10336970,FEMALE,9,6,45,RD,L3,Yes,19,23,40
10337538,MALE,7,6,39,PROC,L3,Yes,20,20,28
10338508,MALE,7,6,40,OPR,L3,Yes,16,25,36
10341565,FEMALE,9,6,45,RD,L2,No,11,12,31
10343202,FEMALE,7,6,42,MKT,L3,Yes,26,29,26
10349935,MALE,5,6,37,PROC,L3,Yes,12,17,45
10352536,MALE,3,6,31,FIN,L3,Yes,18,27,23
10356365,MALE,7,6,42,OPR,L3,Yes,13,25,42
10357328,MALE,3,6,30,OPR,L3,Yes,15,22,25
10361479,FEMALE,7,6,41,MKT,L2,No,21,24,38
10367251,MALE,7,6,40,HR,L2,No,27,32,27
10373995,MALE,4,6,36,FIN,L2,Yes,20,20,26
10375317,FEMALE,4,6,36,OPR,L2,Yes,16,23,26
10376742,FEMALE,4,6,34,RD,L2,Yes,65,38,37
10379826,MALE,7,6,41,OPR,L2,Yes,20,19,18
10380622,MALE,5,6,38,FIN,L2,Yes,37,29,28
10382832,MALE,7,6,41,HR,L2,Yes,20,16,23
10383915,FEMALE,9,6,44,FIN,L2,Yes,24,19,20
10387022,MALE,9,6,44,PROC,L2,Yes,43,31,30
10387827,MALE,4,6,34,OPR,L2,Yes,32,34,29
10388020,FEMALE,7,6,40,RD,L2,Yes,32,34,32
10388672,MALE,3,6,31,RD,L2,Yes,26,20,22
10389822,MALE,3,6,31,FIN,L2,Yes,37,26,23
10393702,MALE,7,6,41,MKT,L2,Yes,26,24,25
10394598,FEMALE,4,6,34,FIN,L2,Yes,23,14,13
10395196,MALE,4,6,32,PROC,L2,Yes,24,18,23
10398756,MALE,9,6,43,PROC,L2,Yes,25,29,29
10400378,MALE,4,6,36,MKT,L2,Yes,55,36,33
10401557,FEMALE,9,6,43,PROC,L2,Yes,29,21,22
10402468,MALE,4,6,36,PROC,L2,Yes,41,26,25
10404662,FEMALE,7,6,41,MKT,L2,Yes,38,29,31
10404862,MALE,4,6,33,HR,L2,Yes,50,32,36
10406528,MALE,4,6,32,OPR,L2,Yes,36,28,22
10409618,MALE,9,6,44,MKT,L2,Yes,28,23,23
10409935,MALE,4,6,34,OPR,L2,Yes,25,25,28
10410918,MALE,3,6,31,FIN,L2,Yes,23,18,28
10417129,FEMALE,9,6,43,FIN,L2,Yes,23,17,19
10418433,FEMALE,7,6,40,OPR,L2,Yes,35,23,22
10420333,FEMALE,7,6,39,FIN,L2,Yes,29,21,31
10421594,MALE,5,6,38,OPR,L2,Yes,33,23,27
10422229,FEMALE,9,6,43,MKT,L2,Yes,30,24,26
10424583,MALE,7,6,41,PROC,L2,Yes,30,24,20
10426202,MALE,7,6,42,FIN,L2,Yes,37,26,29
10428193,MALE,7,6,41,RD,L2,Yes,17,13,17
10429155,FEMALE,7,6,40,FIN,L2,Yes,53,37,34
10429384,MALE,4,6,32,PROC,L2,Yes,22,24,25
10429434,MALE,4,6,36,OPR,L2,Yes,32,25,25
10432402,MALE,4,6,36,MKT,L2,Yes,47,31,30
10433131,MALE,9,6,45,MKT,L2,Yes,22,17,20
10433855,FEMALE,7,6,40,MKT,L2,Yes,36,27,30
10435306,MALE,4,6,34,PROC,L2,Yes,33,20,20
